arid.level0_4_3,arid.level1_4_3,arid.level2_4_3,arid.level3_4_3,arid.level4_4_3
|||,arid.level7_4_3,arid.level8_4_3
||,arid.level12_4_3,arid.level13_4_3,arid.level14_4_3
|||,arid.level17_4_3,arid.level18_4_3
||,arid.level22_4_3,arid.level23_4_3,arid.level24_4_3
|||,arid.level27_4_3,arid.level28_4_3
||||,arid.level30_4_3
|||,arid.level33_4_3,arid.level34_4_3
||,arid.level38_4_3,arid.level39_4_3,arid.level40_4_3
|||,arid.level43_4_3,arid.level44_4_3
||||,arid.level46_4_3
|||,arid.level49_4_3,arid.level50_4_3
||||,arid.level52_4_3
|,arid.level57_4_3,arid.level58_4_3,arid.level59_4_3,arid.level60_4_3
||||,arid.level62_4_3
||,arid.level66_4_3,arid.level67_4_3,arid.level68_4_3
|||,arid.level71_4_3,arid.level72_4_3
|||,arid.level75_4_3,arid.level76_4_3
||||,arid.level78_4_3
|,arid.level83_4_3,arid.level84_4_3,arid.level85_4_3,arid.level86_4_3
|||,arid.level89_4_3,arid.level90_4_3
||||,arid.level92_4_3
||,arid.level96_4_3,arid.level97_4_3,arid.level98_4_3
||,arid.level102_4_3,arid.level103_4_3,arid.level104_4_3
|||,arid.level107_4_3,arid.level108_4_3
||||,arid.level110_4_3
|||,arid.level113_4_3,arid.level114_4_3
||,arid.level118_4_3,arid.level119_4_3,arid.level120_4_3
|||,arid.level123_4_3,arid.level124_4_3
||||,arid.level126_4_3
|,arid.level131_4_3,arid.level132_4_3,arid.level133_4_3,arid.level134_4_3
|||,arid.level137_4_3,arid.level138_4_3
||||,arid.level140_4_3
|||,arid.level143_4_3,arid.level144_4_3
||,arid.level148_4_3,arid.level149_4_3,arid.level150_4_3
||||,arid.level152_4_3
|||,arid.level155_4_3,arid.level156_4_3
|||,arid.level159_4_3,arid.level160_4_3
||||,arid.level162_4_3
|,arid.level167_4_3,arid.level168_4_3,arid.level169_4_3,arid.level170_4_3
|||,arid.level173_4_3,arid.level174_4_3
||,arid.level178_4_3,arid.level179_4_3,arid.level180_4_3
|||,arid.level183_4_3,arid.level184_4_3
||||,arid.level186_4_3
|||,arid.level189_4_3,arid.level190_4_3
||||,arid.level192_4_3
||,arid.level196_4_3,arid.level197_4_3,arid.level198_4_3
||||,arid.level200_4_3
|||,arid.level203_4_3,arid.level204_4_3
||||,arid.level206_4_3
|||,arid.level209_4_3,arid.level210_4_3
||,arid.level214_4_3,arid.level215_4_3,arid.level216_4_3
|||,arid.level219_4_3,arid.level220_4_3
||||,arid.level222_4_3
