arid.small.level0_None_4,arid.small.level1_None_4,arid.small.level2_None_4,arid.small.level3_None_4,arid.small.level4_None_4
|||,arid.small.level7_None_4,arid.small.level8_None_4
||||,arid.small.level10_None_4
|||,arid.small.level13_None_4,arid.small.level14_None_4
||||,arid.small.level16_None_4
||,arid.small.level20_None_4,arid.small.level21_None_4,arid.small.level22_None_4
|||,arid.small.level25_None_4,arid.small.level26_None_4
||||,arid.small.level28_None_4
||,arid.small.level32_None_4,arid.small.level33_None_4,arid.small.level34_None_4
|||,arid.small.level37_None_4,arid.small.level38_None_4
||,arid.small.level42_None_4,arid.small.level43_None_4,arid.small.level44_None_4
|||,arid.small.level47_None_4,arid.small.level48_None_4
||||,arid.small.level50_None_4
|||,arid.small.level53_None_4,arid.small.level54_None_4
||||,arid.small.level56_None_4
|,arid.small.level61_None_4,arid.small.level62_None_4,arid.small.level63_None_4,arid.small.level64_None_4
|||,arid.small.level67_None_4,arid.small.level68_None_4
||||,arid.small.level70_None_4
||,arid.small.level74_None_4,arid.small.level75_None_4,arid.small.level76_None_4
||,arid.small.level80_None_4,arid.small.level81_None_4,arid.small.level82_None_4
||||,arid.small.level84_None_4
|||,arid.small.level87_None_4,arid.small.level88_None_4
|,arid.small.level93_None_4,arid.small.level94_None_4,arid.small.level95_None_4,arid.small.level96_None_4
|||,arid.small.level99_None_4,arid.small.level100_None_4
||||,arid.small.level102_None_4
|||,arid.small.level105_None_4,arid.small.level106_None_4
||||,arid.small.level108_None_4
|,arid.small.level113_None_4,arid.small.level114_None_4,arid.small.level115_None_4,arid.small.level116_None_4
||||,arid.small.level118_None_4
|||,arid.small.level121_None_4,arid.small.level122_None_4
|||,arid.small.level125_None_4,arid.small.level126_None_4
||||,arid.small.level128_None_4
|,arid.small.level133_None_4,arid.small.level134_None_4,arid.small.level135_None_4,arid.small.level136_None_4
|||,arid.small.level139_None_4,arid.small.level140_None_4
||||,arid.small.level142_None_4
||,arid.small.level146_None_4,arid.small.level147_None_4,arid.small.level148_None_4
||,arid.small.level152_None_4,arid.small.level153_None_4,arid.small.level154_None_4
