arid.level0_4_3,arid.level1_4_3,arid.level2_4_3,arid.level3_4_3,arid.level4_4_3,arid.level5_4_3,arid.level6_4_3
|||||,arid.level9_4_3,arid.level10_4_3
||||,arid.level14_4_3,arid.level15_4_3,arid.level16_4_3
||||,arid.level20_4_3,arid.level21_4_3,arid.level22_4_3
||||||,arid.level24_4_3
|||||,arid.level27_4_3,arid.level28_4_3
||||||,arid.level30_4_3
|||||,arid.level33_4_3,arid.level34_4_3
||||||,arid.level36_4_3
||||,arid.level40_4_3,arid.level41_4_3,arid.level42_4_3
||||||,arid.level44_4_3
|||||,arid.level47_4_3,arid.level48_4_3
||||||,arid.level50_4_3
|||||,arid.level53_4_3,arid.level54_4_3
||||||,arid.level56_4_3
|,arid.level63_4_3,arid.level64_4_3,arid.level65_4_3,arid.level66_4_3,arid.level67_4_3,arid.level68_4_3
|||||,arid.level71_4_3,arid.level72_4_3
||||,arid.level76_4_3,arid.level77_4_3,arid.level78_4_3
|||||,arid.level81_4_3,arid.level82_4_3
||||||,arid.level84_4_3
|||||,arid.level87_4_3,arid.level88_4_3
||||||,arid.level90_4_3
||||,arid.level94_4_3,arid.level95_4_3,arid.level96_4_3
||||||,arid.level98_4_3
|||,arid.level103_4_3,arid.level104_4_3,arid.level105_4_3,arid.level106_4_3
|||||,arid.level109_4_3,arid.level110_4_3
||||||,arid.level112_4_3
|||||,arid.level115_4_3,arid.level116_4_3
||||,arid.level120_4_3,arid.level121_4_3,arid.level122_4_3
|||,arid.level127_4_3,arid.level128_4_3,arid.level129_4_3,arid.level130_4_3
||||||,arid.level132_4_3
|||||,arid.level135_4_3,arid.level136_4_3
|||||,arid.level139_4_3,arid.level140_4_3
||||||,arid.level142_4_3
|||,arid.level147_4_3,arid.level148_4_3,arid.level149_4_3,arid.level150_4_3
||||||,arid.level152_4_3
|||||,arid.level155_4_3,arid.level156_4_3
|||||,arid.level159_4_3,arid.level160_4_3
||,arid.level166_4_3,arid.level167_4_3,arid.level168_4_3,arid.level169_4_3,arid.level170_4_3
|||,arid.level175_4_3,arid.level176_4_3,arid.level177_4_3,arid.level178_4_3
||||,arid.level182_4_3,arid.level183_4_3,arid.level184_4_3
|||,arid.level189_4_3,arid.level190_4_3,arid.level191_4_3,arid.level192_4_3
||||||,arid.level194_4_3
|||||,arid.level197_4_3,arid.level198_4_3
|||||,arid.level201_4_3,arid.level202_4_3
||||,arid.level206_4_3,arid.level207_4_3,arid.level208_4_3
|||,arid.level213_4_3,arid.level214_4_3,arid.level215_4_3,arid.level216_4_3
||||||,arid.level218_4_3
|||||,arid.level221_4_3,arid.level222_4_3
|||||,arid.level225_4_3,arid.level226_4_3
||||,arid.level230_4_3,arid.level231_4_3,arid.level232_4_3
||||||,arid.level234_4_3
||||,arid.level238_4_3,arid.level239_4_3,arid.level240_4_3
||||||,arid.level242_4_3
|||||,arid.level245_4_3,arid.level246_4_3
||||||,arid.level248_4_3
|||||,arid.level251_4_3,arid.level252_4_3
|||,arid.level257_4_3,arid.level258_4_3,arid.level259_4_3,arid.level260_4_3
||||||,arid.level262_4_3
|||||,arid.level265_4_3,arid.level266_4_3
||||||,arid.level268_4_3
|||||,arid.level271_4_3,arid.level272_4_3
||||||,arid.level274_4_3
||||,arid.level278_4_3,arid.level279_4_3,arid.level280_4_3
||||||,arid.level282_4_3
|||||,arid.level285_4_3,arid.level286_4_3
|||||,arid.level289_4_3,arid.level290_4_3
||||||,arid.level292_4_3
||||,arid.level296_4_3,arid.level297_4_3,arid.level298_4_3
||,arid.level304_4_3,arid.level305_4_3,arid.level306_4_3,arid.level307_4_3,arid.level308_4_3
|||,arid.level313_4_3,arid.level314_4_3,arid.level315_4_3,arid.level316_4_3
||||||,arid.level318_4_3
|||||,arid.level321_4_3,arid.level322_4_3
||||,arid.level326_4_3,arid.level327_4_3,arid.level328_4_3
|||||,arid.level331_4_3,arid.level332_4_3
||||||,arid.level334_4_3
|||||,arid.level337_4_3,arid.level338_4_3
||||||,arid.level340_4_3
||||,arid.level344_4_3,arid.level345_4_3,arid.level346_4_3
|||||,arid.level349_4_3,arid.level350_4_3
||||||,arid.level352_4_3
|||,arid.level357_4_3,arid.level358_4_3,arid.level359_4_3,arid.level360_4_3
|||||,arid.level363_4_3,arid.level364_4_3
||||,arid.level368_4_3,arid.level369_4_3,arid.level370_4_3
||,arid.level376_4_3,arid.level377_4_3,arid.level378_4_3,arid.level379_4_3,arid.level380_4_3
|||||,arid.level383_4_3,arid.level384_4_3
||||,arid.level388_4_3,arid.level389_4_3,arid.level390_4_3
|||||,arid.level393_4_3,arid.level394_4_3
||||||,arid.level396_4_3
|||||,arid.level399_4_3,arid.level400_4_3
||||,arid.level404_4_3,arid.level405_4_3,arid.level406_4_3
||||||,arid.level408_4_3
|||||,arid.level411_4_3,arid.level412_4_3
||||||,arid.level414_4_3
|||||,arid.level417_4_3,arid.level418_4_3
||||||,arid.level420_4_3
||||,arid.level424_4_3,arid.level425_4_3,arid.level426_4_3
|||||,arid.level429_4_3,arid.level430_4_3
|||,arid.level435_4_3,arid.level436_4_3,arid.level437_4_3,arid.level438_4_3
||||||,arid.level440_4_3
|||||,arid.level443_4_3,arid.level444_4_3
||||||,arid.level446_4_3
|||||,arid.level449_4_3,arid.level450_4_3
||||||,arid.level452_4_3
||||,arid.level456_4_3,arid.level457_4_3,arid.level458_4_3
|||||,arid.level461_4_3,arid.level462_4_3
||||,arid.level466_4_3,arid.level467_4_3,arid.level468_4_3
||||||,arid.level470_4_3
|||||,arid.level473_4_3,arid.level474_4_3
||||||,arid.level476_4_3
||||,arid.level480_4_3,arid.level481_4_3,arid.level482_4_3
||||||,arid.level484_4_3
|||,arid.level489_4_3,arid.level490_4_3,arid.level491_4_3,arid.level492_4_3
||||||,arid.level494_4_3
||||,arid.level498_4_3,arid.level499_4_3,arid.level500_4_3
||||||,arid.level502_4_3
|||||,arid.level505_4_3,arid.level506_4_3
||||||,arid.level508_4_3
||||,arid.level512_4_3,arid.level513_4_3,arid.level514_4_3
||||,arid.level518_4_3,arid.level519_4_3,arid.level520_4_3
||||||,arid.level522_4_3
|||||,arid.level525_4_3,arid.level526_4_3
||||||,arid.level528_4_3
|||||,arid.level531_4_3,arid.level532_4_3
|||,arid.level537_4_3,arid.level538_4_3,arid.level539_4_3,arid.level540_4_3
|||||,arid.level543_4_3,arid.level544_4_3
||||||,arid.level546_4_3
|||||,arid.level549_4_3,arid.level550_4_3
||||||,arid.level552_4_3
||||,arid.level556_4_3,arid.level557_4_3,arid.level558_4_3
||||||,arid.level560_4_3
|||||,arid.level563_4_3,arid.level564_4_3
|||||,arid.level567_4_3,arid.level568_4_3
||||||,arid.level570_4_3
||,arid.level576_4_3,arid.level577_4_3,arid.level578_4_3,arid.level579_4_3,arid.level580_4_3
||||||,arid.level582_4_3
|||,arid.level587_4_3,arid.level588_4_3,arid.level589_4_3,arid.level590_4_3
||||||,arid.level592_4_3
||||,arid.level596_4_3,arid.level597_4_3,arid.level598_4_3
|||||,arid.level601_4_3,arid.level602_4_3
||||,arid.level606_4_3,arid.level607_4_3,arid.level608_4_3
|||||,arid.level611_4_3,arid.level612_4_3
|||||,arid.level615_4_3,arid.level616_4_3
||||||,arid.level618_4_3
|||,arid.level623_4_3,arid.level624_4_3,arid.level625_4_3,arid.level626_4_3
||||||,arid.level628_4_3
|||||,arid.level631_4_3,arid.level632_4_3
|||,arid.level637_4_3,arid.level638_4_3,arid.level639_4_3,arid.level640_4_3
||||,arid.level644_4_3,arid.level645_4_3,arid.level646_4_3
||||||,arid.level648_4_3
|||||,arid.level651_4_3,arid.level652_4_3
||||,arid.level656_4_3,arid.level657_4_3,arid.level658_4_3
||||||,arid.level660_4_3
||,arid.level666_4_3,arid.level667_4_3,arid.level668_4_3,arid.level669_4_3,arid.level670_4_3
|||||,arid.level673_4_3,arid.level674_4_3
||||,arid.level678_4_3,arid.level679_4_3,arid.level680_4_3
||||||,arid.level682_4_3
|||||,arid.level685_4_3,arid.level686_4_3
||||,arid.level690_4_3,arid.level691_4_3,arid.level692_4_3
|||||,arid.level695_4_3,arid.level696_4_3
|||||,arid.level699_4_3,arid.level700_4_3
||||,arid.level704_4_3,arid.level705_4_3,arid.level706_4_3
|||,arid.level711_4_3,arid.level712_4_3,arid.level713_4_3,arid.level714_4_3
||||||,arid.level716_4_3
|||||,arid.level719_4_3,arid.level720_4_3
||||||,arid.level722_4_3
|||||,arid.level725_4_3,arid.level726_4_3
||||,arid.level730_4_3,arid.level731_4_3,arid.level732_4_3
|||||,arid.level735_4_3,arid.level736_4_3
|||||,arid.level739_4_3,arid.level740_4_3
||||,arid.level744_4_3,arid.level745_4_3,arid.level746_4_3
|||,arid.level751_4_3,arid.level752_4_3,arid.level753_4_3,arid.level754_4_3
||||||,arid.level756_4_3
|||||,arid.level759_4_3,arid.level760_4_3
||||||,arid.level762_4_3
||||,arid.level766_4_3,arid.level767_4_3,arid.level768_4_3
|||||,arid.level771_4_3,arid.level772_4_3
||||,arid.level776_4_3,arid.level777_4_3,arid.level778_4_3
|||||,arid.level781_4_3,arid.level782_4_3
||||||,arid.level784_4_3
||||,arid.level788_4_3,arid.level789_4_3,arid.level790_4_3
||||||,arid.level792_4_3
|||,arid.level797_4_3,arid.level798_4_3,arid.level799_4_3,arid.level800_4_3
||||,arid.level804_4_3,arid.level805_4_3,arid.level806_4_3
||||||,arid.level808_4_3
|||||,arid.level811_4_3,arid.level812_4_3
||||||,arid.level814_4_3
||||,arid.level818_4_3,arid.level819_4_3,arid.level820_4_3
||||||,arid.level822_4_3
|||||,arid.level825_4_3,arid.level826_4_3
||||||,arid.level828_4_3
|||||,arid.level831_4_3,arid.level832_4_3
|,arid.level839_4_3,arid.level840_4_3,arid.level841_4_3,arid.level842_4_3,arid.level843_4_3,arid.level844_4_3
||||||,arid.level846_4_3
|||||,arid.level849_4_3,arid.level850_4_3
||||||,arid.level852_4_3
||||,arid.level856_4_3,arid.level857_4_3,arid.level858_4_3
|||||,arid.level861_4_3,arid.level862_4_3
||||,arid.level866_4_3,arid.level867_4_3,arid.level868_4_3
||||||,arid.level870_4_3
|||,arid.level875_4_3,arid.level876_4_3,arid.level877_4_3,arid.level878_4_3
||||||,arid.level880_4_3
|||||,arid.level883_4_3,arid.level884_4_3
||||||,arid.level886_4_3
|||||,arid.level889_4_3,arid.level890_4_3
||||,arid.level894_4_3,arid.level895_4_3,arid.level896_4_3
||||||,arid.level898_4_3
|||||,arid.level901_4_3,arid.level902_4_3
||||||,arid.level904_4_3
||||,arid.level908_4_3,arid.level909_4_3,arid.level910_4_3
|,arid.level917_4_3,arid.level918_4_3,arid.level919_4_3,arid.level920_4_3,arid.level921_4_3,arid.level922_4_3
|||||,arid.level925_4_3,arid.level926_4_3
||||||,arid.level928_4_3
|||||,arid.level931_4_3,arid.level932_4_3
||||||,arid.level934_4_3
||||,arid.level938_4_3,arid.level939_4_3,arid.level940_4_3
||||||,arid.level942_4_3
||||,arid.level946_4_3,arid.level947_4_3,arid.level948_4_3
|||,arid.level953_4_3,arid.level954_4_3,arid.level955_4_3,arid.level956_4_3
||||||,arid.level958_4_3
|||||,arid.level961_4_3,arid.level962_4_3
||||||,arid.level964_4_3
||,arid.level970_4_3,arid.level971_4_3,arid.level972_4_3,arid.level973_4_3,arid.level974_4_3
|||||,arid.level977_4_3,arid.level978_4_3
||||||,arid.level980_4_3
|||||,arid.level983_4_3,arid.level984_4_3
||||||,arid.level986_4_3
||||,arid.level990_4_3,arid.level991_4_3,arid.level992_4_3
||||||,arid.level994_4_3
|||||,arid.level997_4_3,arid.level998_4_3
||||||,arid.level1000_4_3
||||,arid.level1004_4_3,arid.level1005_4_3,arid.level1006_4_3
||||||,arid.level1008_4_3
|||||,arid.level1011_4_3,arid.level1012_4_3
|||||,arid.level1015_4_3,arid.level1016_4_3
||||,arid.level1020_4_3,arid.level1021_4_3,arid.level1022_4_3
|||,arid.level1027_4_3,arid.level1028_4_3,arid.level1029_4_3,arid.level1030_4_3
|||||,arid.level1033_4_3,arid.level1034_4_3
||||||,arid.level1036_4_3
||||,arid.level1040_4_3,arid.level1041_4_3,arid.level1042_4_3
|||||,arid.level1045_4_3,arid.level1046_4_3
||||||,arid.level1048_4_3
||||,arid.level1052_4_3,arid.level1053_4_3,arid.level1054_4_3
||||||,arid.level1056_4_3
|||||,arid.level1059_4_3,arid.level1060_4_3
||||||,arid.level1062_4_3
|||||,arid.level1065_4_3,arid.level1066_4_3
||||||,arid.level1068_4_3
||||,arid.level1072_4_3,arid.level1073_4_3,arid.level1074_4_3
|||||,arid.level1077_4_3,arid.level1078_4_3
||||||,arid.level1080_4_3
|||||,arid.level1083_4_3,arid.level1084_4_3
||,arid.level1090_4_3,arid.level1091_4_3,arid.level1092_4_3,arid.level1093_4_3,arid.level1094_4_3
||||||,arid.level1096_4_3
||||,arid.level1100_4_3,arid.level1101_4_3,arid.level1102_4_3
||||||,arid.level1104_4_3
|||||,arid.level1107_4_3,arid.level1108_4_3
||||,arid.level1112_4_3,arid.level1113_4_3,arid.level1114_4_3
||||||,arid.level1116_4_3
|||||,arid.level1119_4_3,arid.level1120_4_3
||||,arid.level1124_4_3,arid.level1125_4_3,arid.level1126_4_3
||||||,arid.level1128_4_3
|||,arid.level1133_4_3,arid.level1134_4_3,arid.level1135_4_3,arid.level1136_4_3
|||||,arid.level1139_4_3,arid.level1140_4_3
||||,arid.level1144_4_3,arid.level1145_4_3,arid.level1146_4_3
||||||,arid.level1148_4_3
|||||,arid.level1151_4_3,arid.level1152_4_3
||||||,arid.level1154_4_3
|||,arid.level1159_4_3,arid.level1160_4_3,arid.level1161_4_3,arid.level1162_4_3
||||||,arid.level1164_4_3
|||||,arid.level1167_4_3,arid.level1168_4_3
||||,arid.level1172_4_3,arid.level1173_4_3,arid.level1174_4_3
|||||,arid.level1177_4_3,arid.level1178_4_3
||||,arid.level1182_4_3,arid.level1183_4_3,arid.level1184_4_3
||||||,arid.level1186_4_3
|||||,arid.level1189_4_3,arid.level1190_4_3
||||||,arid.level1192_4_3
|||||,arid.level1195_4_3,arid.level1196_4_3
|,arid.level1203_4_3,arid.level1204_4_3,arid.level1205_4_3,arid.level1206_4_3,arid.level1207_4_3,arid.level1208_4_3
||||||,arid.level1210_4_3
|||||,arid.level1213_4_3,arid.level1214_4_3
||||||,arid.level1216_4_3
||||,arid.level1220_4_3,arid.level1221_4_3,arid.level1222_4_3
||||,arid.level1226_4_3,arid.level1227_4_3,arid.level1228_4_3
||||||,arid.level1230_4_3
||||,arid.level1234_4_3,arid.level1235_4_3,arid.level1236_4_3
||||||,arid.level1238_4_3
|||||,arid.level1241_4_3,arid.level1242_4_3
|||||,arid.level1245_4_3,arid.level1246_4_3
|,arid.level1253_4_3,arid.level1254_4_3,arid.level1255_4_3,arid.level1256_4_3,arid.level1257_4_3,arid.level1258_4_3
||||||,arid.level1260_4_3
|||||,arid.level1263_4_3,arid.level1264_4_3
||||||,arid.level1266_4_3
|||,arid.level1271_4_3,arid.level1272_4_3,arid.level1273_4_3,arid.level1274_4_3
||||||,arid.level1276_4_3
|||||,arid.level1279_4_3,arid.level1280_4_3
||||||,arid.level1282_4_3
||||,arid.level1286_4_3,arid.level1287_4_3,arid.level1288_4_3
||||||,arid.level1290_4_3
|||,arid.level1295_4_3,arid.level1296_4_3,arid.level1297_4_3,arid.level1298_4_3
|||||,arid.level1301_4_3,arid.level1302_4_3
|||||,arid.level1305_4_3,arid.level1306_4_3
||||,arid.level1310_4_3,arid.level1311_4_3,arid.level1312_4_3
||||||,arid.level1314_4_3
|||||,arid.level1317_4_3,arid.level1318_4_3
||||||,arid.level1320_4_3
|||||,arid.level1323_4_3,arid.level1324_4_3
||||||,arid.level1326_4_3
||||,arid.level1330_4_3,arid.level1331_4_3,arid.level1332_4_3
||||||,arid.level1334_4_3
|||||,arid.level1337_4_3,arid.level1338_4_3
||||||,arid.level1340_4_3
||||,arid.level1344_4_3,arid.level1345_4_3,arid.level1346_4_3
||||||,arid.level1348_4_3
|||||,arid.level1351_4_3,arid.level1352_4_3
|||,arid.level1357_4_3,arid.level1358_4_3,arid.level1359_4_3,arid.level1360_4_3
||||||,arid.level1362_4_3
||||,arid.level1366_4_3,arid.level1367_4_3,arid.level1368_4_3
|||||,arid.level1371_4_3,arid.level1372_4_3
|||,arid.level1377_4_3,arid.level1378_4_3,arid.level1379_4_3,arid.level1380_4_3
||||||,arid.level1382_4_3
|||||,arid.level1385_4_3,arid.level1386_4_3
|||||,arid.level1389_4_3,arid.level1390_4_3
||,arid.level1396_4_3,arid.level1397_4_3,arid.level1398_4_3,arid.level1399_4_3,arid.level1400_4_3
||||||,arid.level1402_4_3
||||,arid.level1406_4_3,arid.level1407_4_3,arid.level1408_4_3
||||||,arid.level1410_4_3
|||||,arid.level1413_4_3,arid.level1414_4_3
|||,arid.level1419_4_3,arid.level1420_4_3,arid.level1421_4_3,arid.level1422_4_3
||||||,arid.level1424_4_3
||||,arid.level1428_4_3,arid.level1429_4_3,arid.level1430_4_3
||||||,arid.level1432_4_3
|||||,arid.level1435_4_3,arid.level1436_4_3
||||,arid.level1440_4_3,arid.level1441_4_3,arid.level1442_4_3
|||||,arid.level1445_4_3,arid.level1446_4_3
||||,arid.level1450_4_3,arid.level1451_4_3,arid.level1452_4_3
|||||,arid.level1455_4_3,arid.level1456_4_3
||||||,arid.level1458_4_3
|||||,arid.level1461_4_3,arid.level1462_4_3
|||,arid.level1467_4_3,arid.level1468_4_3,arid.level1469_4_3,arid.level1470_4_3
|||||,arid.level1473_4_3,arid.level1474_4_3
|||||,arid.level1477_4_3,arid.level1478_4_3
||||||,arid.level1480_4_3
||||,arid.level1484_4_3,arid.level1485_4_3,arid.level1486_4_3
||,arid.level1492_4_3,arid.level1493_4_3,arid.level1494_4_3,arid.level1495_4_3,arid.level1496_4_3
||||||,arid.level1498_4_3
|||||,arid.level1501_4_3,arid.level1502_4_3
||||||,arid.level1504_4_3
|||||,arid.level1507_4_3,arid.level1508_4_3
||||||,arid.level1510_4_3
||||,arid.level1514_4_3,arid.level1515_4_3,arid.level1516_4_3
||||||,arid.level1518_4_3
||||,arid.level1522_4_3,arid.level1523_4_3,arid.level1524_4_3
||||||,arid.level1526_4_3
|||||,arid.level1529_4_3,arid.level1530_4_3
|||,arid.level1535_4_3,arid.level1536_4_3,arid.level1537_4_3,arid.level1538_4_3
||||||,arid.level1540_4_3
||,arid.level1546_4_3,arid.level1547_4_3,arid.level1548_4_3,arid.level1549_4_3,arid.level1550_4_3
||||||,arid.level1552_4_3
|||||,arid.level1555_4_3,arid.level1556_4_3
|||||,arid.level1559_4_3,arid.level1560_4_3
||||||,arid.level1562_4_3
||||,arid.level1566_4_3,arid.level1567_4_3,arid.level1568_4_3
||||||,arid.level1570_4_3
|||||,arid.level1573_4_3,arid.level1574_4_3
|||||,arid.level1577_4_3,arid.level1578_4_3
||||,arid.level1582_4_3,arid.level1583_4_3,arid.level1584_4_3
||||||,arid.level1586_4_3
||||,arid.level1590_4_3,arid.level1591_4_3,arid.level1592_4_3
|||||,arid.level1595_4_3,arid.level1596_4_3
||||||,arid.level1598_4_3
