frigid.level0_None_2,frigid.level1_None_2,frigid.level2_None_2,frigid.level3_None_2,frigid.level4_None_2,frigid.level5_None_2,frigid.level6_None_2,frigid.level7_None_2
||||||,frigid.level10_None_2,frigid.level11_None_2
|||||||,frigid.level13_None_2
|||||,frigid.level17_None_2,frigid.level18_None_2,frigid.level19_None_2
||||||,frigid.level22_None_2,frigid.level23_None_2
|||||||,frigid.level25_None_2
|||||,frigid.level29_None_2,frigid.level30_None_2,frigid.level31_None_2
||||||,frigid.level34_None_2,frigid.level35_None_2
||||,frigid.level40_None_2,frigid.level41_None_2,frigid.level42_None_2,frigid.level43_None_2
|||||||,frigid.level45_None_2
||||||,frigid.level48_None_2,frigid.level49_None_2
|||||||,frigid.level51_None_2
||||||,frigid.level54_None_2,frigid.level55_None_2
|||,frigid.level61_None_2,frigid.level62_None_2,frigid.level63_None_2,frigid.level64_None_2,frigid.level65_None_2
|||||||,frigid.level67_None_2
||||||,frigid.level70_None_2,frigid.level71_None_2
||||||,frigid.level74_None_2,frigid.level75_None_2
|||||,frigid.level79_None_2,frigid.level80_None_2,frigid.level81_None_2
||||,frigid.level86_None_2,frigid.level87_None_2,frigid.level88_None_2,frigid.level89_None_2
||||||,frigid.level92_None_2,frigid.level93_None_2
|||||,frigid.level97_None_2,frigid.level98_None_2,frigid.level99_None_2
|||||||,frigid.level101_None_2
||||||,frigid.level104_None_2,frigid.level105_None_2
|||||||,frigid.level107_None_2
||||||,frigid.level110_None_2,frigid.level111_None_2
|||||,frigid.level115_None_2,frigid.level116_None_2,frigid.level117_None_2
|||||||,frigid.level119_None_2
||||||,frigid.level122_None_2,frigid.level123_None_2
||||,frigid.level128_None_2,frigid.level129_None_2,frigid.level130_None_2,frigid.level131_None_2
||||||,frigid.level134_None_2,frigid.level135_None_2
|||||,frigid.level139_None_2,frigid.level140_None_2,frigid.level141_None_2
|||||||,frigid.level143_None_2
||||||,frigid.level146_None_2,frigid.level147_None_2
||||,frigid.level152_None_2,frigid.level153_None_2,frigid.level154_None_2,frigid.level155_None_2
||||||,frigid.level158_None_2,frigid.level159_None_2
|||||||,frigid.level161_None_2
|||||,frigid.level165_None_2,frigid.level166_None_2,frigid.level167_None_2
|||||||,frigid.level169_None_2
||||,frigid.level174_None_2,frigid.level175_None_2,frigid.level176_None_2,frigid.level177_None_2
|||||,frigid.level181_None_2,frigid.level182_None_2,frigid.level183_None_2
|||||||,frigid.level185_None_2
|||||,frigid.level189_None_2,frigid.level190_None_2,frigid.level191_None_2
|||||||,frigid.level193_None_2
||||||,frigid.level196_None_2,frigid.level197_None_2
|||||||,frigid.level199_None_2
||||||,frigid.level202_None_2,frigid.level203_None_2
|||,frigid.level209_None_2,frigid.level210_None_2,frigid.level211_None_2,frigid.level212_None_2,frigid.level213_None_2
|||||,frigid.level217_None_2,frigid.level218_None_2,frigid.level219_None_2
||||||,frigid.level222_None_2,frigid.level223_None_2
|||||||,frigid.level225_None_2
||||||,frigid.level228_None_2,frigid.level229_None_2
|||,frigid.level235_None_2,frigid.level236_None_2,frigid.level237_None_2,frigid.level238_None_2,frigid.level239_None_2
||||||,frigid.level242_None_2,frigid.level243_None_2
||||||,frigid.level246_None_2,frigid.level247_None_2
|||||||,frigid.level249_None_2
|||,frigid.level255_None_2,frigid.level256_None_2,frigid.level257_None_2,frigid.level258_None_2,frigid.level259_None_2
|||||||,frigid.level261_None_2
||||||,frigid.level264_None_2,frigid.level265_None_2
||||||,frigid.level268_None_2,frigid.level269_None_2
||||,frigid.level274_None_2,frigid.level275_None_2,frigid.level276_None_2,frigid.level277_None_2
|||||||,frigid.level279_None_2
|||||,frigid.level283_None_2,frigid.level284_None_2,frigid.level285_None_2
|||||||,frigid.level287_None_2
|||||,frigid.level291_None_2,frigid.level292_None_2,frigid.level293_None_2
|||||||,frigid.level295_None_2
||||||,frigid.level298_None_2,frigid.level299_None_2
|||||||,frigid.level301_None_2
|||||,frigid.level305_None_2,frigid.level306_None_2,frigid.level307_None_2
||||||,frigid.level310_None_2,frigid.level311_None_2
|||||||,frigid.level313_None_2
||||,frigid.level318_None_2,frigid.level319_None_2,frigid.level320_None_2,frigid.level321_None_2
||||,frigid.level326_None_2,frigid.level327_None_2,frigid.level328_None_2,frigid.level329_None_2
||||||,frigid.level332_None_2,frigid.level333_None_2
|||||||,frigid.level335_None_2
|||||,frigid.level339_None_2,frigid.level340_None_2,frigid.level341_None_2
||||||,frigid.level344_None_2,frigid.level345_None_2
|||||,frigid.level349_None_2,frigid.level350_None_2,frigid.level351_None_2
||||||,frigid.level354_None_2,frigid.level355_None_2
|||||||,frigid.level357_None_2
||||||,frigid.level360_None_2,frigid.level361_None_2
|||||,frigid.level365_None_2,frigid.level366_None_2,frigid.level367_None_2
||||||,frigid.level370_None_2,frigid.level371_None_2
|||||||,frigid.level373_None_2
||||||,frigid.level376_None_2,frigid.level377_None_2
|||||||,frigid.level379_None_2
||,frigid.level386_None_2,frigid.level387_None_2,frigid.level388_None_2,frigid.level389_None_2,frigid.level390_None_2,frigid.level391_None_2
|||||||,frigid.level393_None_2
||||||,frigid.level396_None_2,frigid.level397_None_2
|||||||,frigid.level399_None_2
||||||,frigid.level402_None_2,frigid.level403_None_2
|||||||,frigid.level405_None_2
|||||,frigid.level409_None_2,frigid.level410_None_2,frigid.level411_None_2
||||||,frigid.level414_None_2,frigid.level415_None_2
|||||||,frigid.level417_None_2
||||||,frigid.level420_None_2,frigid.level421_None_2
|||||||,frigid.level423_None_2
|||||,frigid.level427_None_2,frigid.level428_None_2,frigid.level429_None_2
|||||,frigid.level433_None_2,frigid.level434_None_2,frigid.level435_None_2
|||||||,frigid.level437_None_2
||||||,frigid.level440_None_2,frigid.level441_None_2
|||||||,frigid.level443_None_2
||||||,frigid.level446_None_2,frigid.level447_None_2
|||||||,frigid.level449_None_2
|||,frigid.level455_None_2,frigid.level456_None_2,frigid.level457_None_2,frigid.level458_None_2,frigid.level459_None_2
||||,frigid.level464_None_2,frigid.level465_None_2,frigid.level466_None_2,frigid.level467_None_2
||||||,frigid.level470_None_2,frigid.level471_None_2
|||||||,frigid.level473_None_2
|||,frigid.level479_None_2,frigid.level480_None_2,frigid.level481_None_2,frigid.level482_None_2,frigid.level483_None_2
|||||||,frigid.level485_None_2
||||,frigid.level490_None_2,frigid.level491_None_2,frigid.level492_None_2,frigid.level493_None_2
|||||||,frigid.level495_None_2
||||,frigid.level500_None_2,frigid.level501_None_2,frigid.level502_None_2,frigid.level503_None_2
|||||,frigid.level507_None_2,frigid.level508_None_2,frigid.level509_None_2
|||||||,frigid.level511_None_2
|||||,frigid.level515_None_2,frigid.level516_None_2,frigid.level517_None_2
||||||,frigid.level520_None_2,frigid.level521_None_2
|||||||,frigid.level523_None_2
|||||,frigid.level527_None_2,frigid.level528_None_2,frigid.level529_None_2
||||||,frigid.level532_None_2,frigid.level533_None_2
|||||||,frigid.level535_None_2
||||||,frigid.level538_None_2,frigid.level539_None_2
||||,frigid.level544_None_2,frigid.level545_None_2,frigid.level546_None_2,frigid.level547_None_2
||||||,frigid.level550_None_2,frigid.level551_None_2
|||||,frigid.level555_None_2,frigid.level556_None_2,frigid.level557_None_2
||||||,frigid.level560_None_2,frigid.level561_None_2
||||||,frigid.level564_None_2,frigid.level565_None_2
|||||,frigid.level569_None_2,frigid.level570_None_2,frigid.level571_None_2
|||||||,frigid.level573_None_2
||||||,frigid.level576_None_2,frigid.level577_None_2
|||||||,frigid.level579_None_2
||||||,frigid.level582_None_2,frigid.level583_None_2
|||||,frigid.level587_None_2,frigid.level588_None_2,frigid.level589_None_2
|||,frigid.level595_None_2,frigid.level596_None_2,frigid.level597_None_2,frigid.level598_None_2,frigid.level599_None_2
||||||,frigid.level602_None_2,frigid.level603_None_2
||||,frigid.level608_None_2,frigid.level609_None_2,frigid.level610_None_2,frigid.level611_None_2
|||||||,frigid.level613_None_2
||||||,frigid.level616_None_2,frigid.level617_None_2
||||||,frigid.level620_None_2,frigid.level621_None_2
|||||,frigid.level625_None_2,frigid.level626_None_2,frigid.level627_None_2
|||||||,frigid.level629_None_2
|||||,frigid.level633_None_2,frigid.level634_None_2,frigid.level635_None_2
|||||||,frigid.level637_None_2
||||||,frigid.level640_None_2,frigid.level641_None_2
||||||,frigid.level644_None_2,frigid.level645_None_2
||||,frigid.level650_None_2,frigid.level651_None_2,frigid.level652_None_2,frigid.level653_None_2
||||||,frigid.level656_None_2,frigid.level657_None_2
||||||,frigid.level660_None_2,frigid.level661_None_2
|||||,frigid.level665_None_2,frigid.level666_None_2,frigid.level667_None_2
|||||||,frigid.level669_None_2
||||||,frigid.level672_None_2,frigid.level673_None_2
|||||||,frigid.level675_None_2
||||,frigid.level680_None_2,frigid.level681_None_2,frigid.level682_None_2,frigid.level683_None_2
||||||,frigid.level686_None_2,frigid.level687_None_2
|||||||,frigid.level689_None_2
||||||,frigid.level692_None_2,frigid.level693_None_2
|||||,frigid.level697_None_2,frigid.level698_None_2,frigid.level699_None_2
|||||,frigid.level703_None_2,frigid.level704_None_2,frigid.level705_None_2
||||||,frigid.level708_None_2,frigid.level709_None_2
|||||||,frigid.level711_None_2
|||,frigid.level717_None_2,frigid.level718_None_2,frigid.level719_None_2,frigid.level720_None_2,frigid.level721_None_2
||||,frigid.level726_None_2,frigid.level727_None_2,frigid.level728_None_2,frigid.level729_None_2
||||||,frigid.level732_None_2,frigid.level733_None_2
|||||,frigid.level737_None_2,frigid.level738_None_2,frigid.level739_None_2
|||||||,frigid.level741_None_2
|||||,frigid.level745_None_2,frigid.level746_None_2,frigid.level747_None_2
|||||||,frigid.level749_None_2
||||,frigid.level754_None_2,frigid.level755_None_2,frigid.level756_None_2,frigid.level757_None_2
||||||,frigid.level760_None_2,frigid.level761_None_2
|||||||,frigid.level763_None_2
|||||,frigid.level767_None_2,frigid.level768_None_2,frigid.level769_None_2
||||||,frigid.level772_None_2,frigid.level773_None_2
|||||||,frigid.level775_None_2
||||||,frigid.level778_None_2,frigid.level779_None_2
|||,frigid.level785_None_2,frigid.level786_None_2,frigid.level787_None_2,frigid.level788_None_2,frigid.level789_None_2
||||||,frigid.level792_None_2,frigid.level793_None_2
|||||||,frigid.level795_None_2
|||||,frigid.level799_None_2,frigid.level800_None_2,frigid.level801_None_2
||||||,frigid.level804_None_2,frigid.level805_None_2
|||||||,frigid.level807_None_2
||||||,frigid.level810_None_2,frigid.level811_None_2
||||,frigid.level816_None_2,frigid.level817_None_2,frigid.level818_None_2,frigid.level819_None_2
|||||||,frigid.level821_None_2
||||||,frigid.level824_None_2,frigid.level825_None_2
||||||,frigid.level828_None_2,frigid.level829_None_2
|||||,frigid.level833_None_2,frigid.level834_None_2,frigid.level835_None_2
|||||||,frigid.level837_None_2
|||||,frigid.level841_None_2,frigid.level842_None_2,frigid.level843_None_2
||||,frigid.level848_None_2,frigid.level849_None_2,frigid.level850_None_2,frigid.level851_None_2
|||||,frigid.level855_None_2,frigid.level856_None_2,frigid.level857_None_2
|||||||,frigid.level859_None_2
||||||,frigid.level862_None_2,frigid.level863_None_2
||||||,frigid.level866_None_2,frigid.level867_None_2
|||||||,frigid.level869_None_2
|||||,frigid.level873_None_2,frigid.level874_None_2,frigid.level875_None_2
|||||||,frigid.level877_None_2
||||||,frigid.level880_None_2,frigid.level881_None_2
|||||||,frigid.level883_None_2
||||||,frigid.level886_None_2,frigid.level887_None_2
|||||||,frigid.level889_None_2
|||||,frigid.level893_None_2,frigid.level894_None_2,frigid.level895_None_2
|||||||,frigid.level897_None_2
||||||,frigid.level900_None_2,frigid.level901_None_2
||,frigid.level908_None_2,frigid.level909_None_2,frigid.level910_None_2,frigid.level911_None_2,frigid.level912_None_2,frigid.level913_None_2
|||||||,frigid.level915_None_2
||||||,frigid.level918_None_2,frigid.level919_None_2
|||||||,frigid.level921_None_2
||||||,frigid.level924_None_2,frigid.level925_None_2
|||||||,frigid.level927_None_2
||||,frigid.level932_None_2,frigid.level933_None_2,frigid.level934_None_2,frigid.level935_None_2
||||||,frigid.level938_None_2,frigid.level939_None_2
||||,frigid.level944_None_2,frigid.level945_None_2,frigid.level946_None_2,frigid.level947_None_2
||||||,frigid.level950_None_2,frigid.level951_None_2
|||||||,frigid.level953_None_2
||||,frigid.level958_None_2,frigid.level959_None_2,frigid.level960_None_2,frigid.level961_None_2
|||||||,frigid.level963_None_2
|||||,frigid.level967_None_2,frigid.level968_None_2,frigid.level969_None_2
|||||||,frigid.level971_None_2
||||||,frigid.level974_None_2,frigid.level975_None_2
|||||,frigid.level979_None_2,frigid.level980_None_2,frigid.level981_None_2
|||||||,frigid.level983_None_2
||||||,frigid.level986_None_2,frigid.level987_None_2
|||||||,frigid.level989_None_2
|||,frigid.level995_None_2,frigid.level996_None_2,frigid.level997_None_2,frigid.level998_None_2,frigid.level999_None_2
|||||||,frigid.level1001_None_2
||||||,frigid.level1004_None_2,frigid.level1005_None_2
||||||,frigid.level1008_None_2,frigid.level1009_None_2
|||||,frigid.level1013_None_2,frigid.level1014_None_2,frigid.level1015_None_2
||||||,frigid.level1018_None_2,frigid.level1019_None_2
||||||,frigid.level1022_None_2,frigid.level1023_None_2
|||||||,frigid.level1025_None_2
|||||,frigid.level1029_None_2,frigid.level1030_None_2,frigid.level1031_None_2
|||||||,frigid.level1033_None_2
||||||,frigid.level1036_None_2,frigid.level1037_None_2
||||,frigid.level1042_None_2,frigid.level1043_None_2,frigid.level1044_None_2,frigid.level1045_None_2
|||||||,frigid.level1047_None_2
||||||,frigid.level1050_None_2,frigid.level1051_None_2
||||||,frigid.level1054_None_2,frigid.level1055_None_2
|||||,frigid.level1059_None_2,frigid.level1060_None_2,frigid.level1061_None_2
|||||||,frigid.level1063_None_2
||||,frigid.level1068_None_2,frigid.level1069_None_2,frigid.level1070_None_2,frigid.level1071_None_2
|||||||,frigid.level1073_None_2
||||||,frigid.level1076_None_2,frigid.level1077_None_2
|||||||,frigid.level1079_None_2
||||||,frigid.level1082_None_2,frigid.level1083_None_2
|||||,frigid.level1087_None_2,frigid.level1088_None_2,frigid.level1089_None_2
|||||||,frigid.level1091_None_2
||||||,frigid.level1094_None_2,frigid.level1095_None_2
|||||||,frigid.level1097_None_2
||,frigid.level1104_None_2,frigid.level1105_None_2,frigid.level1106_None_2,frigid.level1107_None_2,frigid.level1108_None_2,frigid.level1109_None_2
|||||||,frigid.level1111_None_2
||||,frigid.level1116_None_2,frigid.level1117_None_2,frigid.level1118_None_2,frigid.level1119_None_2
|||||||,frigid.level1121_None_2
||||||,frigid.level1124_None_2,frigid.level1125_None_2
||||||,frigid.level1128_None_2,frigid.level1129_None_2
|||||||,frigid.level1131_None_2
||||,frigid.level1136_None_2,frigid.level1137_None_2,frigid.level1138_None_2,frigid.level1139_None_2
||||||,frigid.level1142_None_2,frigid.level1143_None_2
||||||,frigid.level1146_None_2,frigid.level1147_None_2
|||||||,frigid.level1149_None_2
||||,frigid.level1154_None_2,frigid.level1155_None_2,frigid.level1156_None_2,frigid.level1157_None_2
|||||||,frigid.level1159_None_2
||||||,frigid.level1162_None_2,frigid.level1163_None_2
|||||,frigid.level1167_None_2,frigid.level1168_None_2,frigid.level1169_None_2
|||||||,frigid.level1171_None_2
|||||,frigid.level1175_None_2,frigid.level1176_None_2,frigid.level1177_None_2
|||||||,frigid.level1179_None_2
||||||,frigid.level1182_None_2,frigid.level1183_None_2
|||||||,frigid.level1185_None_2
||||||,frigid.level1188_None_2,frigid.level1189_None_2
|||||||,frigid.level1191_None_2
||||,frigid.level1196_None_2,frigid.level1197_None_2,frigid.level1198_None_2,frigid.level1199_None_2
|||||,frigid.level1203_None_2,frigid.level1204_None_2,frigid.level1205_None_2
||||||,frigid.level1208_None_2,frigid.level1209_None_2
|||,frigid.level1215_None_2,frigid.level1216_None_2,frigid.level1217_None_2,frigid.level1218_None_2,frigid.level1219_None_2
|||||||,frigid.level1221_None_2
||||||,frigid.level1224_None_2,frigid.level1225_None_2
|||||||,frigid.level1227_None_2
||||||,frigid.level1230_None_2,frigid.level1231_None_2
|||||||,frigid.level1233_None_2
|||||,frigid.level1237_None_2,frigid.level1238_None_2,frigid.level1239_None_2
|||||||,frigid.level1241_None_2
|||||,frigid.level1245_None_2,frigid.level1246_None_2,frigid.level1247_None_2
||||||,frigid.level1250_None_2,frigid.level1251_None_2
||||,frigid.level1256_None_2,frigid.level1257_None_2,frigid.level1258_None_2,frigid.level1259_None_2
|||||,frigid.level1263_None_2,frigid.level1264_None_2,frigid.level1265_None_2
|||||,frigid.level1269_None_2,frigid.level1270_None_2,frigid.level1271_None_2
|||||||,frigid.level1273_None_2
||||||,frigid.level1276_None_2,frigid.level1277_None_2
||||||,frigid.level1280_None_2,frigid.level1281_None_2
|||||,frigid.level1285_None_2,frigid.level1286_None_2,frigid.level1287_None_2
|||||||,frigid.level1289_None_2
||||,frigid.level1294_None_2,frigid.level1295_None_2,frigid.level1296_None_2,frigid.level1297_None_2
|||||||,frigid.level1299_None_2
||||||,frigid.level1302_None_2,frigid.level1303_None_2
|||||||,frigid.level1305_None_2
||||,frigid.level1310_None_2,frigid.level1311_None_2,frigid.level1312_None_2,frigid.level1313_None_2
|||||||,frigid.level1315_None_2
||||||,frigid.level1318_None_2,frigid.level1319_None_2
|||||||,frigid.level1321_None_2
||||||,frigid.level1324_None_2,frigid.level1325_None_2
|||||||,frigid.level1327_None_2
|||||,frigid.level1331_None_2,frigid.level1332_None_2,frigid.level1333_None_2
|||||||,frigid.level1335_None_2
|||,frigid.level1341_None_2,frigid.level1342_None_2,frigid.level1343_None_2,frigid.level1344_None_2,frigid.level1345_None_2
|||||||,frigid.level1347_None_2
||||||,frigid.level1350_None_2,frigid.level1351_None_2
|||||||,frigid.level1353_None_2
||||||,frigid.level1356_None_2,frigid.level1357_None_2
|||||||,frigid.level1359_None_2
|||||,frigid.level1363_None_2,frigid.level1364_None_2,frigid.level1365_None_2
|||||||,frigid.level1367_None_2
||||||,frigid.level1370_None_2,frigid.level1371_None_2
|||||||,frigid.level1373_None_2
||||||,frigid.level1376_None_2,frigid.level1377_None_2
|||||||,frigid.level1379_None_2
|||||,frigid.level1383_None_2,frigid.level1384_None_2,frigid.level1385_None_2
|||||,frigid.level1389_None_2,frigid.level1390_None_2,frigid.level1391_None_2
|||||||,frigid.level1393_None_2
||||,frigid.level1398_None_2,frigid.level1399_None_2,frigid.level1400_None_2,frigid.level1401_None_2
|||||||,frigid.level1403_None_2
||||||,frigid.level1406_None_2,frigid.level1407_None_2
|||||,frigid.level1411_None_2,frigid.level1412_None_2,frigid.level1413_None_2
||||||,frigid.level1416_None_2,frigid.level1417_None_2
|||||||,frigid.level1419_None_2
||||||,frigid.level1422_None_2,frigid.level1423_None_2
|||||,frigid.level1427_None_2,frigid.level1428_None_2,frigid.level1429_None_2
|||||||,frigid.level1431_None_2
||||,frigid.level1436_None_2,frigid.level1437_None_2,frigid.level1438_None_2,frigid.level1439_None_2
||||||,frigid.level1442_None_2,frigid.level1443_None_2
|||||,frigid.level1447_None_2,frigid.level1448_None_2,frigid.level1449_None_2
|||||||,frigid.level1451_None_2
||||||,frigid.level1454_None_2,frigid.level1455_None_2
||||||,frigid.level1458_None_2,frigid.level1459_None_2
|||||,frigid.level1463_None_2,frigid.level1464_None_2,frigid.level1465_None_2
|||||,frigid.level1469_None_2,frigid.level1470_None_2,frigid.level1471_None_2
||||||,frigid.level1474_None_2,frigid.level1475_None_2
||||,frigid.level1480_None_2,frigid.level1481_None_2,frigid.level1482_None_2,frigid.level1483_None_2
|||||||,frigid.level1485_None_2
||||||,frigid.level1488_None_2,frigid.level1489_None_2
||||||,frigid.level1492_None_2,frigid.level1493_None_2
|||||||,frigid.level1495_None_2
|||||,frigid.level1499_None_2,frigid.level1500_None_2,frigid.level1501_None_2
|||||||,frigid.level1503_None_2
|||||,frigid.level1507_None_2,frigid.level1508_None_2,frigid.level1509_None_2
||||||,frigid.level1512_None_2,frigid.level1513_None_2
||||,frigid.level1518_None_2,frigid.level1519_None_2,frigid.level1520_None_2,frigid.level1521_None_2
|||||||,frigid.level1523_None_2
||||||,frigid.level1526_None_2,frigid.level1527_None_2
||||||,frigid.level1530_None_2,frigid.level1531_None_2
|||||,frigid.level1535_None_2,frigid.level1536_None_2,frigid.level1537_None_2
|||||||,frigid.level1539_None_2
|||||,frigid.level1543_None_2,frigid.level1544_None_2,frigid.level1545_None_2
||||||,frigid.level1548_None_2,frigid.level1549_None_2
||||||,frigid.level1552_None_2,frigid.level1553_None_2
|||,frigid.level1559_None_2,frigid.level1560_None_2,frigid.level1561_None_2,frigid.level1562_None_2,frigid.level1563_None_2
|||||||,frigid.level1565_None_2
||||||,frigid.level1568_None_2,frigid.level1569_None_2
||||||,frigid.level1572_None_2,frigid.level1573_None_2
||||,frigid.level1578_None_2,frigid.level1579_None_2,frigid.level1580_None_2,frigid.level1581_None_2
|||||||,frigid.level1583_None_2
||||||,frigid.level1586_None_2,frigid.level1587_None_2
||||||,frigid.level1590_None_2,frigid.level1591_None_2
|||||||,frigid.level1593_None_2
|||||,frigid.level1597_None_2,frigid.level1598_None_2,frigid.level1599_None_2
|||||,frigid.level1603_None_2,frigid.level1604_None_2,frigid.level1605_None_2
||||||,frigid.level1608_None_2,frigid.level1609_None_2
|||||||,frigid.level1611_None_2
|||||,frigid.level1615_None_2,frigid.level1616_None_2,frigid.level1617_None_2
|||||||,frigid.level1619_None_2
||||,frigid.level1624_None_2,frigid.level1625_None_2,frigid.level1626_None_2,frigid.level1627_None_2
|||||,frigid.level1631_None_2,frigid.level1632_None_2,frigid.level1633_None_2
||||,frigid.level1638_None_2,frigid.level1639_None_2,frigid.level1640_None_2,frigid.level1641_None_2
|||||||,frigid.level1643_None_2
||||||,frigid.level1646_None_2,frigid.level1647_None_2
|||||||,frigid.level1649_None_2
||||||,frigid.level1652_None_2,frigid.level1653_None_2
|||,frigid.level1659_None_2,frigid.level1660_None_2,frigid.level1661_None_2,frigid.level1662_None_2,frigid.level1663_None_2
|||||||,frigid.level1665_None_2
||||||,frigid.level1668_None_2,frigid.level1669_None_2
||||||,frigid.level1672_None_2,frigid.level1673_None_2
|||||||,frigid.level1675_None_2
|||||,frigid.level1679_None_2,frigid.level1680_None_2,frigid.level1681_None_2
||||||,frigid.level1684_None_2,frigid.level1685_None_2
|||||,frigid.level1689_None_2,frigid.level1690_None_2,frigid.level1691_None_2
||||,frigid.level1696_None_2,frigid.level1697_None_2,frigid.level1698_None_2,frigid.level1699_None_2
|||||||,frigid.level1701_None_2
|||||,frigid.level1705_None_2,frigid.level1706_None_2,frigid.level1707_None_2
|||||||,frigid.level1709_None_2
||||||,frigid.level1712_None_2,frigid.level1713_None_2
||||,frigid.level1718_None_2,frigid.level1719_None_2,frigid.level1720_None_2,frigid.level1721_None_2
||||||,frigid.level1724_None_2,frigid.level1725_None_2
|||||,frigid.level1729_None_2,frigid.level1730_None_2,frigid.level1731_None_2
||||,frigid.level1736_None_2,frigid.level1737_None_2,frigid.level1738_None_2,frigid.level1739_None_2
|||||||,frigid.level1741_None_2
||||||,frigid.level1744_None_2,frigid.level1745_None_2
|||||||,frigid.level1747_None_2
||,frigid.level1754_None_2,frigid.level1755_None_2,frigid.level1756_None_2,frigid.level1757_None_2,frigid.level1758_None_2,frigid.level1759_None_2
|||||,frigid.level1763_None_2,frigid.level1764_None_2,frigid.level1765_None_2
|||||,frigid.level1769_None_2,frigid.level1770_None_2,frigid.level1771_None_2
||||||,frigid.level1774_None_2,frigid.level1775_None_2
||||||,frigid.level1778_None_2,frigid.level1779_None_2
|||||,frigid.level1783_None_2,frigid.level1784_None_2,frigid.level1785_None_2
|||||||,frigid.level1787_None_2
||||||,frigid.level1790_None_2,frigid.level1791_None_2
|||||||,frigid.level1793_None_2
||||,frigid.level1798_None_2,frigid.level1799_None_2,frigid.level1800_None_2,frigid.level1801_None_2
|||||||,frigid.level1803_None_2
|||||,frigid.level1807_None_2,frigid.level1808_None_2,frigid.level1809_None_2
||||||,frigid.level1812_None_2,frigid.level1813_None_2
|||||||,frigid.level1815_None_2
||||||,frigid.level1818_None_2,frigid.level1819_None_2
|||||||,frigid.level1821_None_2
|||||,frigid.level1825_None_2,frigid.level1826_None_2,frigid.level1827_None_2
|||||||,frigid.level1829_None_2
||||||,frigid.level1832_None_2,frigid.level1833_None_2
|||||||,frigid.level1835_None_2
|||||,frigid.level1839_None_2,frigid.level1840_None_2,frigid.level1841_None_2
|||||||,frigid.level1843_None_2
||||||,frigid.level1846_None_2,frigid.level1847_None_2
|||||||,frigid.level1849_None_2
||||||,frigid.level1852_None_2,frigid.level1853_None_2
|||,frigid.level1859_None_2,frigid.level1860_None_2,frigid.level1861_None_2,frigid.level1862_None_2,frigid.level1863_None_2
||||||,frigid.level1866_None_2,frigid.level1867_None_2
||||||,frigid.level1870_None_2,frigid.level1871_None_2
||||,frigid.level1876_None_2,frigid.level1877_None_2,frigid.level1878_None_2,frigid.level1879_None_2
||||||,frigid.level1882_None_2,frigid.level1883_None_2
|||||||,frigid.level1885_None_2
||||,frigid.level1890_None_2,frigid.level1891_None_2,frigid.level1892_None_2,frigid.level1893_None_2
||||||,frigid.level1896_None_2,frigid.level1897_None_2
|||||,frigid.level1901_None_2,frigid.level1902_None_2,frigid.level1903_None_2
||||||,frigid.level1906_None_2,frigid.level1907_None_2
|||||||,frigid.level1909_None_2
||||||,frigid.level1912_None_2,frigid.level1913_None_2
|||||||,frigid.level1915_None_2
|||||,frigid.level1919_None_2,frigid.level1920_None_2,frigid.level1921_None_2
|||||||,frigid.level1923_None_2
||||,frigid.level1928_None_2,frigid.level1929_None_2,frigid.level1930_None_2,frigid.level1931_None_2
||||||,frigid.level1934_None_2,frigid.level1935_None_2
|||||||,frigid.level1937_None_2
||||||,frigid.level1940_None_2,frigid.level1941_None_2
|||||||,frigid.level1943_None_2
|||||,frigid.level1947_None_2,frigid.level1948_None_2,frigid.level1949_None_2
|||,frigid.level1955_None_2,frigid.level1956_None_2,frigid.level1957_None_2,frigid.level1958_None_2,frigid.level1959_None_2
|||||||,frigid.level1961_None_2
||||||,frigid.level1964_None_2,frigid.level1965_None_2
|||||||,frigid.level1967_None_2
||||||,frigid.level1970_None_2,frigid.level1971_None_2
|||||||,frigid.level1973_None_2
|||||,frigid.level1977_None_2,frigid.level1978_None_2,frigid.level1979_None_2
||||||,frigid.level1982_None_2,frigid.level1983_None_2
|||||,frigid.level1987_None_2,frigid.level1988_None_2,frigid.level1989_None_2
||||||,frigid.level1992_None_2,frigid.level1993_None_2
|||||||,frigid.level1995_None_2
||||||,frigid.level1998_None_2,frigid.level1999_None_2
|||||||,frigid.level2001_None_2
||||,frigid.level2006_None_2,frigid.level2007_None_2,frigid.level2008_None_2,frigid.level2009_None_2
|||||||,frigid.level2011_None_2
||||||,frigid.level2014_None_2,frigid.level2015_None_2
||||||,frigid.level2018_None_2,frigid.level2019_None_2
|||||,frigid.level2023_None_2,frigid.level2024_None_2,frigid.level2025_None_2
|||||||,frigid.level2027_None_2
||||||,frigid.level2030_None_2,frigid.level2031_None_2
|||||||,frigid.level2033_None_2
||||,frigid.level2038_None_2,frigid.level2039_None_2,frigid.level2040_None_2,frigid.level2041_None_2
|||||||,frigid.level2043_None_2
|||||,frigid.level2047_None_2,frigid.level2048_None_2,frigid.level2049_None_2
|||||||,frigid.level2051_None_2
||||||,frigid.level2054_None_2,frigid.level2055_None_2
||||||,frigid.level2058_None_2,frigid.level2059_None_2
|||||||,frigid.level2061_None_2
|||,frigid.level2067_None_2,frigid.level2068_None_2,frigid.level2069_None_2,frigid.level2070_None_2,frigid.level2071_None_2
|||||,frigid.level2075_None_2,frigid.level2076_None_2,frigid.level2077_None_2
|||||||,frigid.level2079_None_2
||||||,frigid.level2082_None_2,frigid.level2083_None_2
||||||,frigid.level2086_None_2,frigid.level2087_None_2
|||||||,frigid.level2089_None_2
||||,frigid.level2094_None_2,frigid.level2095_None_2,frigid.level2096_None_2,frigid.level2097_None_2
||||,frigid.level2102_None_2,frigid.level2103_None_2,frigid.level2104_None_2,frigid.level2105_None_2
||||||,frigid.level2108_None_2,frigid.level2109_None_2
|||||,frigid.level2113_None_2,frigid.level2114_None_2,frigid.level2115_None_2
|||||||,frigid.level2117_None_2
||||||,frigid.level2120_None_2,frigid.level2121_None_2
|||||||,frigid.level2123_None_2
||||||,frigid.level2126_None_2,frigid.level2127_None_2
||||,frigid.level2132_None_2,frigid.level2133_None_2,frigid.level2134_None_2,frigid.level2135_None_2
||||||,frigid.level2138_None_2,frigid.level2139_None_2
|||||,frigid.level2143_None_2,frigid.level2144_None_2,frigid.level2145_None_2
|||||||,frigid.level2147_None_2
||||||,frigid.level2150_None_2,frigid.level2151_None_2
|||||,frigid.level2155_None_2,frigid.level2156_None_2,frigid.level2157_None_2
|||||||,frigid.level2159_None_2
||||||,frigid.level2162_None_2,frigid.level2163_None_2
|||||||,frigid.level2165_None_2
||||,frigid.level2170_None_2,frigid.level2171_None_2,frigid.level2172_None_2,frigid.level2173_None_2
|||||||,frigid.level2175_None_2
|||||,frigid.level2179_None_2,frigid.level2180_None_2,frigid.level2181_None_2
|||||||,frigid.level2183_None_2
||||||,frigid.level2186_None_2,frigid.level2187_None_2
|,frigid.level2195_None_2,frigid.level2196_None_2,frigid.level2197_None_2,frigid.level2198_None_2,frigid.level2199_None_2,frigid.level2200_None_2,frigid.level2201_None_2
|||||||,frigid.level2203_None_2
||||||,frigid.level2206_None_2,frigid.level2207_None_2
||||||,frigid.level2210_None_2,frigid.level2211_None_2
|||||,frigid.level2215_None_2,frigid.level2216_None_2,frigid.level2217_None_2
|||||||,frigid.level2219_None_2
|||,frigid.level2225_None_2,frigid.level2226_None_2,frigid.level2227_None_2,frigid.level2228_None_2,frigid.level2229_None_2
||||||,frigid.level2232_None_2,frigid.level2233_None_2
||||||,frigid.level2236_None_2,frigid.level2237_None_2
|||||||,frigid.level2239_None_2
|||||,frigid.level2243_None_2,frigid.level2244_None_2,frigid.level2245_None_2
|||||||,frigid.level2247_None_2
||||||,frigid.level2250_None_2,frigid.level2251_None_2
|||||,frigid.level2255_None_2,frigid.level2256_None_2,frigid.level2257_None_2
|||||,frigid.level2261_None_2,frigid.level2262_None_2,frigid.level2263_None_2
|||||||,frigid.level2265_None_2
||||,frigid.level2270_None_2,frigid.level2271_None_2,frigid.level2272_None_2,frigid.level2273_None_2
||||||,frigid.level2276_None_2,frigid.level2277_None_2
|||||||,frigid.level2279_None_2
||||||,frigid.level2282_None_2,frigid.level2283_None_2
|||||,frigid.level2287_None_2,frigid.level2288_None_2,frigid.level2289_None_2
|||||,frigid.level2293_None_2,frigid.level2294_None_2,frigid.level2295_None_2
|||,frigid.level2301_None_2,frigid.level2302_None_2,frigid.level2303_None_2,frigid.level2304_None_2,frigid.level2305_None_2
|||||||,frigid.level2307_None_2
||||,frigid.level2312_None_2,frigid.level2313_None_2,frigid.level2314_None_2,frigid.level2315_None_2
|||||||,frigid.level2317_None_2
|||||,frigid.level2321_None_2,frigid.level2322_None_2,frigid.level2323_None_2
|||||||,frigid.level2325_None_2
||||||,frigid.level2328_None_2,frigid.level2329_None_2
|||||,frigid.level2333_None_2,frigid.level2334_None_2,frigid.level2335_None_2
||||||,frigid.level2338_None_2,frigid.level2339_None_2
|||||,frigid.level2343_None_2,frigid.level2344_None_2,frigid.level2345_None_2
||||||,frigid.level2348_None_2,frigid.level2349_None_2
|||||||,frigid.level2351_None_2
||||,frigid.level2356_None_2,frigid.level2357_None_2,frigid.level2358_None_2,frigid.level2359_None_2
||||||,frigid.level2362_None_2,frigid.level2363_None_2
|||||,frigid.level2367_None_2,frigid.level2368_None_2,frigid.level2369_None_2
|||||||,frigid.level2371_None_2
||||||,frigid.level2374_None_2,frigid.level2375_None_2
||||||,frigid.level2378_None_2,frigid.level2379_None_2
|||||||,frigid.level2381_None_2
|||||,frigid.level2385_None_2,frigid.level2386_None_2,frigid.level2387_None_2
|||||,frigid.level2391_None_2,frigid.level2392_None_2,frigid.level2393_None_2
|||,frigid.level2399_None_2,frigid.level2400_None_2,frigid.level2401_None_2,frigid.level2402_None_2,frigid.level2403_None_2
|||||||,frigid.level2405_None_2
||||||,frigid.level2408_None_2,frigid.level2409_None_2
|||||,frigid.level2413_None_2,frigid.level2414_None_2,frigid.level2415_None_2
||||||,frigid.level2418_None_2,frigid.level2419_None_2
|||||||,frigid.level2421_None_2
||||,frigid.level2426_None_2,frigid.level2427_None_2,frigid.level2428_None_2,frigid.level2429_None_2
||||||,frigid.level2432_None_2,frigid.level2433_None_2
||||||,frigid.level2436_None_2,frigid.level2437_None_2
|||||,frigid.level2441_None_2,frigid.level2442_None_2,frigid.level2443_None_2
|||||||,frigid.level2445_None_2
|||||,frigid.level2449_None_2,frigid.level2450_None_2,frigid.level2451_None_2
||||||,frigid.level2454_None_2,frigid.level2455_None_2
|||||||,frigid.level2457_None_2
|||||,frigid.level2461_None_2,frigid.level2462_None_2,frigid.level2463_None_2
||||||,frigid.level2466_None_2,frigid.level2467_None_2
|||,frigid.level2473_None_2,frigid.level2474_None_2,frigid.level2475_None_2,frigid.level2476_None_2,frigid.level2477_None_2
|||||||,frigid.level2479_None_2
|||||,frigid.level2483_None_2,frigid.level2484_None_2,frigid.level2485_None_2
|||||||,frigid.level2487_None_2
|||||,frigid.level2491_None_2,frigid.level2492_None_2,frigid.level2493_None_2
|||||||,frigid.level2495_None_2
||||||,frigid.level2498_None_2,frigid.level2499_None_2
|||||||,frigid.level2501_None_2
||||,frigid.level2506_None_2,frigid.level2507_None_2,frigid.level2508_None_2,frigid.level2509_None_2
|||||||,frigid.level2511_None_2
||||||,frigid.level2514_None_2,frigid.level2515_None_2
|||||||,frigid.level2517_None_2
||||||,frigid.level2520_None_2,frigid.level2521_None_2
|||||||,frigid.level2523_None_2
|||||,frigid.level2527_None_2,frigid.level2528_None_2,frigid.level2529_None_2
||||||,frigid.level2532_None_2,frigid.level2533_None_2
|||||||,frigid.level2535_None_2
|||||,frigid.level2539_None_2,frigid.level2540_None_2,frigid.level2541_None_2
|||||||,frigid.level2543_None_2
||||||,frigid.level2546_None_2,frigid.level2547_None_2
|||||||,frigid.level2549_None_2
||||||,frigid.level2552_None_2,frigid.level2553_None_2
|||||||,frigid.level2555_None_2
||,frigid.level2562_None_2,frigid.level2563_None_2,frigid.level2564_None_2,frigid.level2565_None_2,frigid.level2566_None_2,frigid.level2567_None_2
|||||,frigid.level2571_None_2,frigid.level2572_None_2,frigid.level2573_None_2
|||||||,frigid.level2575_None_2
||||||,frigid.level2578_None_2,frigid.level2579_None_2
|||||||,frigid.level2581_None_2
||||||,frigid.level2584_None_2,frigid.level2585_None_2
|||||,frigid.level2589_None_2,frigid.level2590_None_2,frigid.level2591_None_2
||||||,frigid.level2594_None_2,frigid.level2595_None_2
||||||,frigid.level2598_None_2,frigid.level2599_None_2
|||||||,frigid.level2601_None_2
|||||,frigid.level2605_None_2,frigid.level2606_None_2,frigid.level2607_None_2
||||||,frigid.level2610_None_2,frigid.level2611_None_2
||||||,frigid.level2614_None_2,frigid.level2615_None_2
||||,frigid.level2620_None_2,frigid.level2621_None_2,frigid.level2622_None_2,frigid.level2623_None_2
|||||||,frigid.level2625_None_2
||||||,frigid.level2628_None_2,frigid.level2629_None_2
||||||,frigid.level2632_None_2,frigid.level2633_None_2
||||,frigid.level2638_None_2,frigid.level2639_None_2,frigid.level2640_None_2,frigid.level2641_None_2
||||||,frigid.level2644_None_2,frigid.level2645_None_2
|||||||,frigid.level2647_None_2
|||||,frigid.level2651_None_2,frigid.level2652_None_2,frigid.level2653_None_2
||||||,frigid.level2656_None_2,frigid.level2657_None_2
|||||||,frigid.level2659_None_2
|||||,frigid.level2663_None_2,frigid.level2664_None_2,frigid.level2665_None_2
||||||,frigid.level2668_None_2,frigid.level2669_None_2
|||||||,frigid.level2671_None_2
||||,frigid.level2676_None_2,frigid.level2677_None_2,frigid.level2678_None_2,frigid.level2679_None_2
|||||,frigid.level2683_None_2,frigid.level2684_None_2,frigid.level2685_None_2
||||||,frigid.level2688_None_2,frigid.level2689_None_2
||||||,frigid.level2692_None_2,frigid.level2693_None_2
|||||||,frigid.level2695_None_2
|||||,frigid.level2699_None_2,frigid.level2700_None_2,frigid.level2701_None_2
|||||||,frigid.level2703_None_2
||||||,frigid.level2706_None_2,frigid.level2707_None_2
||||||,frigid.level2710_None_2,frigid.level2711_None_2
|||||||,frigid.level2713_None_2
|||||,frigid.level2717_None_2,frigid.level2718_None_2,frigid.level2719_None_2
|||||||,frigid.level2721_None_2
||||||,frigid.level2724_None_2,frigid.level2725_None_2
|||||||,frigid.level2727_None_2
||||||,frigid.level2730_None_2,frigid.level2731_None_2
|||||||,frigid.level2733_None_2
|||,frigid.level2739_None_2,frigid.level2740_None_2,frigid.level2741_None_2,frigid.level2742_None_2,frigid.level2743_None_2
|||||,frigid.level2747_None_2,frigid.level2748_None_2,frigid.level2749_None_2
|||||||,frigid.level2751_None_2
||||||,frigid.level2754_None_2,frigid.level2755_None_2
||||||,frigid.level2758_None_2,frigid.level2759_None_2
|||||||,frigid.level2761_None_2
|||||,frigid.level2765_None_2,frigid.level2766_None_2,frigid.level2767_None_2
|||||||,frigid.level2769_None_2
||||||,frigid.level2772_None_2,frigid.level2773_None_2
||||||,frigid.level2776_None_2,frigid.level2777_None_2
|||||||,frigid.level2779_None_2
||||,frigid.level2784_None_2,frigid.level2785_None_2,frigid.level2786_None_2,frigid.level2787_None_2
||||||,frigid.level2790_None_2,frigid.level2791_None_2
|||||||,frigid.level2793_None_2
||||||,frigid.level2796_None_2,frigid.level2797_None_2
|||||||,frigid.level2799_None_2
|||||,frigid.level2803_None_2,frigid.level2804_None_2,frigid.level2805_None_2
|||||||,frigid.level2807_None_2
||||||,frigid.level2810_None_2,frigid.level2811_None_2
|||||||,frigid.level2813_None_2
||||||,frigid.level2816_None_2,frigid.level2817_None_2
|||||,frigid.level2821_None_2,frigid.level2822_None_2,frigid.level2823_None_2
|||||||,frigid.level2825_None_2
|||||,frigid.level2829_None_2,frigid.level2830_None_2,frigid.level2831_None_2
|||||||,frigid.level2833_None_2
||||||,frigid.level2836_None_2,frigid.level2837_None_2
|||||||,frigid.level2839_None_2
||||||,frigid.level2842_None_2,frigid.level2843_None_2
||||,frigid.level2848_None_2,frigid.level2849_None_2,frigid.level2850_None_2,frigid.level2851_None_2
|||||||,frigid.level2853_None_2
||||||,frigid.level2856_None_2,frigid.level2857_None_2
||||||,frigid.level2860_None_2,frigid.level2861_None_2
|||||||,frigid.level2863_None_2
|||||,frigid.level2867_None_2,frigid.level2868_None_2,frigid.level2869_None_2
|||||||,frigid.level2871_None_2
||||||,frigid.level2874_None_2,frigid.level2875_None_2
|||||||,frigid.level2877_None_2
|||||,frigid.level2881_None_2,frigid.level2882_None_2,frigid.level2883_None_2
||||||,frigid.level2886_None_2,frigid.level2887_None_2
|||||||,frigid.level2889_None_2
||||||,frigid.level2892_None_2,frigid.level2893_None_2
|||||,frigid.level2897_None_2,frigid.level2898_None_2,frigid.level2899_None_2
|||||||,frigid.level2901_None_2
||||||,frigid.level2904_None_2,frigid.level2905_None_2
|||||||,frigid.level2907_None_2
|||,frigid.level2913_None_2,frigid.level2914_None_2,frigid.level2915_None_2,frigid.level2916_None_2,frigid.level2917_None_2
|||||,frigid.level2921_None_2,frigid.level2922_None_2,frigid.level2923_None_2
|||||||,frigid.level2925_None_2
||||||,frigid.level2928_None_2,frigid.level2929_None_2
||||||,frigid.level2932_None_2,frigid.level2933_None_2
|||||||,frigid.level2935_None_2
|||||,frigid.level2939_None_2,frigid.level2940_None_2,frigid.level2941_None_2
|||||||,frigid.level2943_None_2
|||||,frigid.level2947_None_2,frigid.level2948_None_2,frigid.level2949_None_2
||||||,frigid.level2952_None_2,frigid.level2953_None_2
||||||,frigid.level2956_None_2,frigid.level2957_None_2
|||||||,frigid.level2959_None_2
||||,frigid.level2964_None_2,frigid.level2965_None_2,frigid.level2966_None_2,frigid.level2967_None_2
|||||||,frigid.level2969_None_2
||||||,frigid.level2972_None_2,frigid.level2973_None_2
|||||||,frigid.level2975_None_2
||||||,frigid.level2978_None_2,frigid.level2979_None_2
|||||||,frigid.level2981_None_2
|||||,frigid.level2985_None_2,frigid.level2986_None_2,frigid.level2987_None_2
|||||||,frigid.level2989_None_2
|||||,frigid.level2993_None_2,frigid.level2994_None_2,frigid.level2995_None_2
||||||,frigid.level2998_None_2,frigid.level2999_None_2
|||||||,frigid.level3001_None_2
||||,frigid.level3006_None_2,frigid.level3007_None_2,frigid.level3008_None_2,frigid.level3009_None_2
||||||,frigid.level3012_None_2,frigid.level3013_None_2
|||||,frigid.level3017_None_2,frigid.level3018_None_2,frigid.level3019_None_2
|||||||,frigid.level3021_None_2
||||||,frigid.level3024_None_2,frigid.level3025_None_2
|||||,frigid.level3029_None_2,frigid.level3030_None_2,frigid.level3031_None_2
|||||||,frigid.level3033_None_2
||||||,frigid.level3036_None_2,frigid.level3037_None_2
|||||,frigid.level3041_None_2,frigid.level3042_None_2,frigid.level3043_None_2
||||||,frigid.level3046_None_2,frigid.level3047_None_2
||||||,frigid.level3050_None_2,frigid.level3051_None_2
|||||||,frigid.level3053_None_2
|||,frigid.level3059_None_2,frigid.level3060_None_2,frigid.level3061_None_2,frigid.level3062_None_2,frigid.level3063_None_2
|||||||,frigid.level3065_None_2
||||,frigid.level3070_None_2,frigid.level3071_None_2,frigid.level3072_None_2,frigid.level3073_None_2
||||||,frigid.level3076_None_2,frigid.level3077_None_2
||||||,frigid.level3080_None_2,frigid.level3081_None_2
|||||,frigid.level3085_None_2,frigid.level3086_None_2,frigid.level3087_None_2
|||||||,frigid.level3089_None_2
||||||,frigid.level3092_None_2,frigid.level3093_None_2
|||,frigid.level3099_None_2,frigid.level3100_None_2,frigid.level3101_None_2,frigid.level3102_None_2,frigid.level3103_None_2
|||||||,frigid.level3105_None_2
||||||,frigid.level3108_None_2,frigid.level3109_None_2
||,frigid.level3116_None_2,frigid.level3117_None_2,frigid.level3118_None_2,frigid.level3119_None_2,frigid.level3120_None_2,frigid.level3121_None_2
|||||||,frigid.level3123_None_2
||||||,frigid.level3126_None_2,frigid.level3127_None_2
|||||||,frigid.level3129_None_2
||||,frigid.level3134_None_2,frigid.level3135_None_2,frigid.level3136_None_2,frigid.level3137_None_2
||||||,frigid.level3140_None_2,frigid.level3141_None_2
|||||||,frigid.level3143_None_2
||||,frigid.level3148_None_2,frigid.level3149_None_2,frigid.level3150_None_2,frigid.level3151_None_2
|||||||,frigid.level3153_None_2
|||||,frigid.level3157_None_2,frigid.level3158_None_2,frigid.level3159_None_2
|||||||,frigid.level3161_None_2
||||||,frigid.level3164_None_2,frigid.level3165_None_2
|||||||,frigid.level3167_None_2
||||||,frigid.level3170_None_2,frigid.level3171_None_2
|||||,frigid.level3175_None_2,frigid.level3176_None_2,frigid.level3177_None_2
|||||||,frigid.level3179_None_2
|||,frigid.level3185_None_2,frigid.level3186_None_2,frigid.level3187_None_2,frigid.level3188_None_2,frigid.level3189_None_2
||||||,frigid.level3192_None_2,frigid.level3193_None_2
|||||||,frigid.level3195_None_2
||||||,frigid.level3198_None_2,frigid.level3199_None_2
|||||,frigid.level3203_None_2,frigid.level3204_None_2,frigid.level3205_None_2
|||||||,frigid.level3207_None_2
|||||,frigid.level3211_None_2,frigid.level3212_None_2,frigid.level3213_None_2
||||||,frigid.level3216_None_2,frigid.level3217_None_2
|||||||,frigid.level3219_None_2
|||||,frigid.level3223_None_2,frigid.level3224_None_2,frigid.level3225_None_2
|||||||,frigid.level3227_None_2
||||||,frigid.level3230_None_2,frigid.level3231_None_2
||||||,frigid.level3234_None_2,frigid.level3235_None_2
|||||||,frigid.level3237_None_2
||||,frigid.level3242_None_2,frigid.level3243_None_2,frigid.level3244_None_2,frigid.level3245_None_2
|||||||,frigid.level3247_None_2
|||||,frigid.level3251_None_2,frigid.level3252_None_2,frigid.level3253_None_2
|||||||,frigid.level3255_None_2
||||||,frigid.level3258_None_2,frigid.level3259_None_2
|||||,frigid.level3263_None_2,frigid.level3264_None_2,frigid.level3265_None_2
||||||,frigid.level3268_None_2,frigid.level3269_None_2
||||,frigid.level3274_None_2,frigid.level3275_None_2,frigid.level3276_None_2,frigid.level3277_None_2
||||||,frigid.level3280_None_2,frigid.level3281_None_2
|||||,frigid.level3285_None_2,frigid.level3286_None_2,frigid.level3287_None_2
|||||||,frigid.level3289_None_2
||||||,frigid.level3292_None_2,frigid.level3293_None_2
||||||,frigid.level3296_None_2,frigid.level3297_None_2
|||||||,frigid.level3299_None_2
|||||,frigid.level3303_None_2,frigid.level3304_None_2,frigid.level3305_None_2
||||||,frigid.level3308_None_2,frigid.level3309_None_2
||||,frigid.level3314_None_2,frigid.level3315_None_2,frigid.level3316_None_2,frigid.level3317_None_2
||||||,frigid.level3320_None_2,frigid.level3321_None_2
||||||,frigid.level3324_None_2,frigid.level3325_None_2
|||||||,frigid.level3327_None_2
||||,frigid.level3332_None_2,frigid.level3333_None_2,frigid.level3334_None_2,frigid.level3335_None_2
|||||,frigid.level3339_None_2,frigid.level3340_None_2,frigid.level3341_None_2
|||||||,frigid.level3343_None_2
||||||,frigid.level3346_None_2,frigid.level3347_None_2
|||||,frigid.level3351_None_2,frigid.level3352_None_2,frigid.level3353_None_2
|||||,frigid.level3357_None_2,frigid.level3358_None_2,frigid.level3359_None_2
||||||,frigid.level3362_None_2,frigid.level3363_None_2
|||||||,frigid.level3365_None_2
||||||,frigid.level3368_None_2,frigid.level3369_None_2
|||,frigid.level3375_None_2,frigid.level3376_None_2,frigid.level3377_None_2,frigid.level3378_None_2,frigid.level3379_None_2
|||||,frigid.level3383_None_2,frigid.level3384_None_2,frigid.level3385_None_2
||||,frigid.level3390_None_2,frigid.level3391_None_2,frigid.level3392_None_2,frigid.level3393_None_2
|||||||,frigid.level3395_None_2
||||||,frigid.level3398_None_2,frigid.level3399_None_2
|||||||,frigid.level3401_None_2
|||||,frigid.level3405_None_2,frigid.level3406_None_2,frigid.level3407_None_2
|||||,frigid.level3411_None_2,frigid.level3412_None_2,frigid.level3413_None_2
|||||||,frigid.level3415_None_2
||||||,frigid.level3418_None_2,frigid.level3419_None_2
|||||||,frigid.level3421_None_2
||||||,frigid.level3424_None_2,frigid.level3425_None_2
|||||,frigid.level3429_None_2,frigid.level3430_None_2,frigid.level3431_None_2
||||||,frigid.level3434_None_2,frigid.level3435_None_2
||||,frigid.level3440_None_2,frigid.level3441_None_2,frigid.level3442_None_2,frigid.level3443_None_2
|||||||,frigid.level3445_None_2
||||||,frigid.level3448_None_2,frigid.level3449_None_2
|||||||,frigid.level3451_None_2
|||||,frigid.level3455_None_2,frigid.level3456_None_2,frigid.level3457_None_2
||||||,frigid.level3460_None_2,frigid.level3461_None_2
|||||||,frigid.level3463_None_2
||||||,frigid.level3466_None_2,frigid.level3467_None_2
|||||||,frigid.level3469_None_2
|||||,frigid.level3473_None_2,frigid.level3474_None_2,frigid.level3475_None_2
|||||||,frigid.level3477_None_2
||||||,frigid.level3480_None_2,frigid.level3481_None_2
|||||||,frigid.level3483_None_2
||||,frigid.level3488_None_2,frigid.level3489_None_2,frigid.level3490_None_2,frigid.level3491_None_2
|||||||,frigid.level3493_None_2
||||||,frigid.level3496_None_2,frigid.level3497_None_2
|||||,frigid.level3501_None_2,frigid.level3502_None_2,frigid.level3503_None_2
|||||||,frigid.level3505_None_2
||||||,frigid.level3508_None_2,frigid.level3509_None_2
||||||,frigid.level3512_None_2,frigid.level3513_None_2
|||||||,frigid.level3515_None_2
|||||,frigid.level3519_None_2,frigid.level3520_None_2,frigid.level3521_None_2
||||||,frigid.level3524_None_2,frigid.level3525_None_2
|||||||,frigid.level3527_None_2
||||||,frigid.level3530_None_2,frigid.level3531_None_2
|||||,frigid.level3535_None_2,frigid.level3536_None_2,frigid.level3537_None_2
||||||,frigid.level3540_None_2,frigid.level3541_None_2
||||,frigid.level3546_None_2,frigid.level3547_None_2,frigid.level3548_None_2,frigid.level3549_None_2
||||||,frigid.level3552_None_2,frigid.level3553_None_2
||||||,frigid.level3556_None_2,frigid.level3557_None_2
||,frigid.level3564_None_2,frigid.level3565_None_2,frigid.level3566_None_2,frigid.level3567_None_2,frigid.level3568_None_2,frigid.level3569_None_2
||||||,frigid.level3572_None_2,frigid.level3573_None_2
||||||,frigid.level3576_None_2,frigid.level3577_None_2
|||||,frigid.level3581_None_2,frigid.level3582_None_2,frigid.level3583_None_2
||||,frigid.level3588_None_2,frigid.level3589_None_2,frigid.level3590_None_2,frigid.level3591_None_2
|||||||,frigid.level3593_None_2
||||,frigid.level3598_None_2,frigid.level3599_None_2,frigid.level3600_None_2,frigid.level3601_None_2
|||||||,frigid.level3603_None_2
||||||,frigid.level3606_None_2,frigid.level3607_None_2
||||||,frigid.level3610_None_2,frigid.level3611_None_2
|||||||,frigid.level3613_None_2
||||,frigid.level3618_None_2,frigid.level3619_None_2,frigid.level3620_None_2,frigid.level3621_None_2
|||||||,frigid.level3623_None_2
||||||,frigid.level3626_None_2,frigid.level3627_None_2
||||,frigid.level3632_None_2,frigid.level3633_None_2,frigid.level3634_None_2,frigid.level3635_None_2
|||||||,frigid.level3637_None_2
||||||,frigid.level3640_None_2,frigid.level3641_None_2
|||||,frigid.level3645_None_2,frigid.level3646_None_2,frigid.level3647_None_2
||,frigid.level3654_None_2,frigid.level3655_None_2,frigid.level3656_None_2,frigid.level3657_None_2,frigid.level3658_None_2,frigid.level3659_None_2
||||||,frigid.level3662_None_2,frigid.level3663_None_2
|||||,frigid.level3667_None_2,frigid.level3668_None_2,frigid.level3669_None_2
||||,frigid.level3674_None_2,frigid.level3675_None_2,frigid.level3676_None_2,frigid.level3677_None_2
|||||||,frigid.level3679_None_2
||||,frigid.level3684_None_2,frigid.level3685_None_2,frigid.level3686_None_2,frigid.level3687_None_2
|||||,frigid.level3691_None_2,frigid.level3692_None_2,frigid.level3693_None_2
|||||||,frigid.level3695_None_2
||||||,frigid.level3698_None_2,frigid.level3699_None_2
|||||||,frigid.level3701_None_2
||||,frigid.level3706_None_2,frigid.level3707_None_2,frigid.level3708_None_2,frigid.level3709_None_2
|||||||,frigid.level3711_None_2
|||||,frigid.level3715_None_2,frigid.level3716_None_2,frigid.level3717_None_2
|||||,frigid.level3721_None_2,frigid.level3722_None_2,frigid.level3723_None_2
|||||||,frigid.level3725_None_2
||||||,frigid.level3728_None_2,frigid.level3729_None_2
|||||,frigid.level3733_None_2,frigid.level3734_None_2,frigid.level3735_None_2
||||||,frigid.level3738_None_2,frigid.level3739_None_2
|||||||,frigid.level3741_None_2
||||||,frigid.level3744_None_2,frigid.level3745_None_2
||||,frigid.level3750_None_2,frigid.level3751_None_2,frigid.level3752_None_2,frigid.level3753_None_2
||||||,frigid.level3756_None_2,frigid.level3757_None_2
|||||,frigid.level3761_None_2,frigid.level3762_None_2,frigid.level3763_None_2
|||||,frigid.level3767_None_2,frigid.level3768_None_2,frigid.level3769_None_2
|||,frigid.level3775_None_2,frigid.level3776_None_2,frigid.level3777_None_2,frigid.level3778_None_2,frigid.level3779_None_2
|||,frigid.level3785_None_2,frigid.level3786_None_2,frigid.level3787_None_2,frigid.level3788_None_2,frigid.level3789_None_2
|||||||,frigid.level3791_None_2
||||,frigid.level3796_None_2,frigid.level3797_None_2,frigid.level3798_None_2,frigid.level3799_None_2
|||||||,frigid.level3801_None_2
||||||,frigid.level3804_None_2,frigid.level3805_None_2
|||||||,frigid.level3807_None_2
||||||,frigid.level3810_None_2,frigid.level3811_None_2
|||||,frigid.level3815_None_2,frigid.level3816_None_2,frigid.level3817_None_2
||||,frigid.level3822_None_2,frigid.level3823_None_2,frigid.level3824_None_2,frigid.level3825_None_2
||||||,frigid.level3828_None_2,frigid.level3829_None_2
|||||||,frigid.level3831_None_2
|||||,frigid.level3835_None_2,frigid.level3836_None_2,frigid.level3837_None_2
|||||||,frigid.level3839_None_2
||||||,frigid.level3842_None_2,frigid.level3843_None_2
|||||||,frigid.level3845_None_2
||||||,frigid.level3848_None_2,frigid.level3849_None_2
|||||,frigid.level3853_None_2,frigid.level3854_None_2,frigid.level3855_None_2
|||||||,frigid.level3857_None_2
||||||,frigid.level3860_None_2,frigid.level3861_None_2
|||||||,frigid.level3863_None_2
||||||,frigid.level3866_None_2,frigid.level3867_None_2
|||||||,frigid.level3869_None_2
|||||,frigid.level3873_None_2,frigid.level3874_None_2,frigid.level3875_None_2
||||||,frigid.level3878_None_2,frigid.level3879_None_2
|||||||,frigid.level3881_None_2
||||||,frigid.level3884_None_2,frigid.level3885_None_2
|||,frigid.level3891_None_2,frigid.level3892_None_2,frigid.level3893_None_2,frigid.level3894_None_2,frigid.level3895_None_2
||||||,frigid.level3898_None_2,frigid.level3899_None_2
||||||,frigid.level3902_None_2,frigid.level3903_None_2
|||||||,frigid.level3905_None_2
|||||,frigid.level3909_None_2,frigid.level3910_None_2,frigid.level3911_None_2
|||||||,frigid.level3913_None_2
||||||,frigid.level3916_None_2,frigid.level3917_None_2
|||||||,frigid.level3919_None_2
|||||,frigid.level3923_None_2,frigid.level3924_None_2,frigid.level3925_None_2
|||||||,frigid.level3927_None_2
||||||,frigid.level3930_None_2,frigid.level3931_None_2
|||||||,frigid.level3933_None_2
||||||,frigid.level3936_None_2,frigid.level3937_None_2
|||||,frigid.level3941_None_2,frigid.level3942_None_2,frigid.level3943_None_2
|||||||,frigid.level3945_None_2
||||,frigid.level3950_None_2,frigid.level3951_None_2,frigid.level3952_None_2,frigid.level3953_None_2
|||||||,frigid.level3955_None_2
||||||,frigid.level3958_None_2,frigid.level3959_None_2
||||||,frigid.level3962_None_2,frigid.level3963_None_2
|||||,frigid.level3967_None_2,frigid.level3968_None_2,frigid.level3969_None_2
|||,frigid.level3975_None_2,frigid.level3976_None_2,frigid.level3977_None_2,frigid.level3978_None_2,frigid.level3979_None_2
||||||,frigid.level3982_None_2,frigid.level3983_None_2
||||||,frigid.level3986_None_2,frigid.level3987_None_2
|||||||,frigid.level3989_None_2
|,frigid.level3997_None_2,frigid.level3998_None_2,frigid.level3999_None_2,frigid.level4000_None_2,frigid.level4001_None_2,frigid.level4002_None_2,frigid.level4003_None_2
|||||,frigid.level4007_None_2,frigid.level4008_None_2,frigid.level4009_None_2
|||||||,frigid.level4011_None_2
||||||,frigid.level4014_None_2,frigid.level4015_None_2
|||||,frigid.level4019_None_2,frigid.level4020_None_2,frigid.level4021_None_2
|||||||,frigid.level4023_None_2
||||||,frigid.level4026_None_2,frigid.level4027_None_2
|||||||,frigid.level4029_None_2
||||||,frigid.level4032_None_2,frigid.level4033_None_2
|||||||,frigid.level4035_None_2
|||||,frigid.level4039_None_2,frigid.level4040_None_2,frigid.level4041_None_2
|||||||,frigid.level4043_None_2
||||||,frigid.level4046_None_2,frigid.level4047_None_2
||,frigid.level4054_None_2,frigid.level4055_None_2,frigid.level4056_None_2,frigid.level4057_None_2,frigid.level4058_None_2,frigid.level4059_None_2
|||||,frigid.level4063_None_2,frigid.level4064_None_2,frigid.level4065_None_2
|||||||,frigid.level4067_None_2
|||||,frigid.level4071_None_2,frigid.level4072_None_2,frigid.level4073_None_2
||||||,frigid.level4076_None_2,frigid.level4077_None_2
||||||,frigid.level4080_None_2,frigid.level4081_None_2
|||||,frigid.level4085_None_2,frigid.level4086_None_2,frigid.level4087_None_2
|||||||,frigid.level4089_None_2
||||,frigid.level4094_None_2,frigid.level4095_None_2,frigid.level4096_None_2,frigid.level4097_None_2
||||||,frigid.level4100_None_2,frigid.level4101_None_2
|||||,frigid.level4105_None_2,frigid.level4106_None_2,frigid.level4107_None_2
||||||,frigid.level4110_None_2,frigid.level4111_None_2
|||||||,frigid.level4113_None_2
||||||,frigid.level4116_None_2,frigid.level4117_None_2
|||||,frigid.level4121_None_2,frigid.level4122_None_2,frigid.level4123_None_2
||||||,frigid.level4126_None_2,frigid.level4127_None_2
|||||||,frigid.level4129_None_2
||||||,frigid.level4132_None_2,frigid.level4133_None_2
|||||||,frigid.level4135_None_2
|||,frigid.level4141_None_2,frigid.level4142_None_2,frigid.level4143_None_2,frigid.level4144_None_2,frigid.level4145_None_2
||||||,frigid.level4148_None_2,frigid.level4149_None_2
|||||,frigid.level4153_None_2,frigid.level4154_None_2,frigid.level4155_None_2
|||||||,frigid.level4157_None_2
||||||,frigid.level4160_None_2,frigid.level4161_None_2
|||||||,frigid.level4163_None_2
|||||,frigid.level4167_None_2,frigid.level4168_None_2,frigid.level4169_None_2
|||||,frigid.level4173_None_2,frigid.level4174_None_2,frigid.level4175_None_2
||||||,frigid.level4178_None_2,frigid.level4179_None_2
|||||||,frigid.level4181_None_2
||||,frigid.level4186_None_2,frigid.level4187_None_2,frigid.level4188_None_2,frigid.level4189_None_2
|||||||,frigid.level4191_None_2
||||||,frigid.level4194_None_2,frigid.level4195_None_2
|||||,frigid.level4199_None_2,frigid.level4200_None_2,frigid.level4201_None_2
||||||,frigid.level4204_None_2,frigid.level4205_None_2
|||||,frigid.level4209_None_2,frigid.level4210_None_2,frigid.level4211_None_2
|||||||,frigid.level4213_None_2
||||||,frigid.level4216_None_2,frigid.level4217_None_2
|||||||,frigid.level4219_None_2
||||||,frigid.level4222_None_2,frigid.level4223_None_2
|||||||,frigid.level4225_None_2
||||,frigid.level4230_None_2,frigid.level4231_None_2,frigid.level4232_None_2,frigid.level4233_None_2
||||||,frigid.level4236_None_2,frigid.level4237_None_2
|||||,frigid.level4241_None_2,frigid.level4242_None_2,frigid.level4243_None_2
||||||,frigid.level4246_None_2,frigid.level4247_None_2
|||||||,frigid.level4249_None_2
|||||,frigid.level4253_None_2,frigid.level4254_None_2,frigid.level4255_None_2
||||,frigid.level4260_None_2,frigid.level4261_None_2,frigid.level4262_None_2,frigid.level4263_None_2
||||||,frigid.level4266_None_2,frigid.level4267_None_2
|||||||,frigid.level4269_None_2
|||||,frigid.level4273_None_2,frigid.level4274_None_2,frigid.level4275_None_2
||||,frigid.level4280_None_2,frigid.level4281_None_2,frigid.level4282_None_2,frigid.level4283_None_2
||||||,frigid.level4286_None_2,frigid.level4287_None_2
|||||||,frigid.level4289_None_2
||||||,frigid.level4292_None_2,frigid.level4293_None_2
|||||||,frigid.level4295_None_2
|||||,frigid.level4299_None_2,frigid.level4300_None_2,frigid.level4301_None_2
|||||||,frigid.level4303_None_2
||||||,frigid.level4306_None_2,frigid.level4307_None_2
|||||,frigid.level4311_None_2,frigid.level4312_None_2,frigid.level4313_None_2
||||||,frigid.level4316_None_2,frigid.level4317_None_2
||||||,frigid.level4320_None_2,frigid.level4321_None_2
|||||||,frigid.level4323_None_2
|||||,frigid.level4327_None_2,frigid.level4328_None_2,frigid.level4329_None_2
||||||,frigid.level4332_None_2,frigid.level4333_None_2
||||||,frigid.level4336_None_2,frigid.level4337_None_2
|||||||,frigid.level4339_None_2
||,frigid.level4346_None_2,frigid.level4347_None_2,frigid.level4348_None_2,frigid.level4349_None_2,frigid.level4350_None_2,frigid.level4351_None_2
|||||||,frigid.level4353_None_2
|||||,frigid.level4357_None_2,frigid.level4358_None_2,frigid.level4359_None_2
|||||||,frigid.level4361_None_2
||||||,frigid.level4364_None_2,frigid.level4365_None_2
|||||||,frigid.level4367_None_2
||||||,frigid.level4370_None_2,frigid.level4371_None_2
||||,frigid.level4376_None_2,frigid.level4377_None_2,frigid.level4378_None_2,frigid.level4379_None_2
|||||||,frigid.level4381_None_2
||||||,frigid.level4384_None_2,frigid.level4385_None_2
|||||||,frigid.level4387_None_2
|||,frigid.level4393_None_2,frigid.level4394_None_2,frigid.level4395_None_2,frigid.level4396_None_2,frigid.level4397_None_2
|||||,frigid.level4401_None_2,frigid.level4402_None_2,frigid.level4403_None_2
|||||||,frigid.level4405_None_2
||||||,frigid.level4408_None_2,frigid.level4409_None_2
|||||||,frigid.level4411_None_2
|||||,frigid.level4415_None_2,frigid.level4416_None_2,frigid.level4417_None_2
||||||,frigid.level4420_None_2,frigid.level4421_None_2
|||||,frigid.level4425_None_2,frigid.level4426_None_2,frigid.level4427_None_2
||||,frigid.level4432_None_2,frigid.level4433_None_2,frigid.level4434_None_2,frigid.level4435_None_2
|||||||,frigid.level4437_None_2
||||||,frigid.level4440_None_2,frigid.level4441_None_2
||||||,frigid.level4444_None_2,frigid.level4445_None_2
|||||,frigid.level4449_None_2,frigid.level4450_None_2,frigid.level4451_None_2
|||||,frigid.level4455_None_2,frigid.level4456_None_2,frigid.level4457_None_2
||||||,frigid.level4460_None_2,frigid.level4461_None_2
|||||,frigid.level4465_None_2,frigid.level4466_None_2,frigid.level4467_None_2
||||||,frigid.level4470_None_2,frigid.level4471_None_2
|||||||,frigid.level4473_None_2
||||,frigid.level4478_None_2,frigid.level4479_None_2,frigid.level4480_None_2,frigid.level4481_None_2
|||||||,frigid.level4483_None_2
||||||,frigid.level4486_None_2,frigid.level4487_None_2
|||||||,frigid.level4489_None_2
||||||,frigid.level4492_None_2,frigid.level4493_None_2
|||||||,frigid.level4495_None_2
||||,frigid.level4500_None_2,frigid.level4501_None_2,frigid.level4502_None_2,frigid.level4503_None_2
|||||,frigid.level4507_None_2,frigid.level4508_None_2,frigid.level4509_None_2
|||||||,frigid.level4511_None_2
||||||,frigid.level4514_None_2,frigid.level4515_None_2
|||||||,frigid.level4517_None_2
||||||,frigid.level4520_None_2,frigid.level4521_None_2
|||||,frigid.level4525_None_2,frigid.level4526_None_2,frigid.level4527_None_2
||||||,frigid.level4530_None_2,frigid.level4531_None_2
|||||||,frigid.level4533_None_2
|||||,frigid.level4537_None_2,frigid.level4538_None_2,frigid.level4539_None_2
|||,frigid.level4545_None_2,frigid.level4546_None_2,frigid.level4547_None_2,frigid.level4548_None_2,frigid.level4549_None_2
||||||,frigid.level4552_None_2,frigid.level4553_None_2
||||||,frigid.level4556_None_2,frigid.level4557_None_2
|||||,frigid.level4561_None_2,frigid.level4562_None_2,frigid.level4563_None_2
|||||||,frigid.level4565_None_2
|||||,frigid.level4569_None_2,frigid.level4570_None_2,frigid.level4571_None_2
|||||,frigid.level4575_None_2,frigid.level4576_None_2,frigid.level4577_None_2
|||||||,frigid.level4579_None_2
||||||,frigid.level4582_None_2,frigid.level4583_None_2
|||,frigid.level4589_None_2,frigid.level4590_None_2,frigid.level4591_None_2,frigid.level4592_None_2,frigid.level4593_None_2
||||||,frigid.level4596_None_2,frigid.level4597_None_2
|||,frigid.level4603_None_2,frigid.level4604_None_2,frigid.level4605_None_2,frigid.level4606_None_2,frigid.level4607_None_2
||||||,frigid.level4610_None_2,frigid.level4611_None_2
|||||||,frigid.level4613_None_2
|||||,frigid.level4617_None_2,frigid.level4618_None_2,frigid.level4619_None_2
||||,frigid.level4624_None_2,frigid.level4625_None_2,frigid.level4626_None_2,frigid.level4627_None_2
|||||,frigid.level4631_None_2,frigid.level4632_None_2,frigid.level4633_None_2
||||||,frigid.level4636_None_2,frigid.level4637_None_2
|||||||,frigid.level4639_None_2
||||||,frigid.level4642_None_2,frigid.level4643_None_2
|||||||,frigid.level4645_None_2
|||||,frigid.level4649_None_2,frigid.level4650_None_2,frigid.level4651_None_2
|||||||,frigid.level4653_None_2
||||||,frigid.level4656_None_2,frigid.level4657_None_2
|||||||,frigid.level4659_None_2
||||||,frigid.level4662_None_2,frigid.level4663_None_2
|||||,frigid.level4667_None_2,frigid.level4668_None_2,frigid.level4669_None_2
||||||,frigid.level4672_None_2,frigid.level4673_None_2
||||,frigid.level4678_None_2,frigid.level4679_None_2,frigid.level4680_None_2,frigid.level4681_None_2
|||||||,frigid.level4683_None_2
||||||,frigid.level4686_None_2,frigid.level4687_None_2
|||||,frigid.level4691_None_2,frigid.level4692_None_2,frigid.level4693_None_2
|||||||,frigid.level4695_None_2
||||||,frigid.level4698_None_2,frigid.level4699_None_2
|||,frigid.level4705_None_2,frigid.level4706_None_2,frigid.level4707_None_2,frigid.level4708_None_2,frigid.level4709_None_2
|||||,frigid.level4713_None_2,frigid.level4714_None_2,frigid.level4715_None_2
|||||||,frigid.level4717_None_2
|||||,frigid.level4721_None_2,frigid.level4722_None_2,frigid.level4723_None_2
|||||||,frigid.level4725_None_2
||||,frigid.level4730_None_2,frigid.level4731_None_2,frigid.level4732_None_2,frigid.level4733_None_2
|||||,frigid.level4737_None_2,frigid.level4738_None_2,frigid.level4739_None_2
||||||,frigid.level4742_None_2,frigid.level4743_None_2
||||||,frigid.level4746_None_2,frigid.level4747_None_2
|||||,frigid.level4751_None_2,frigid.level4752_None_2,frigid.level4753_None_2
|||||||,frigid.level4755_None_2
|||||,frigid.level4759_None_2,frigid.level4760_None_2,frigid.level4761_None_2
||||||,frigid.level4764_None_2,frigid.level4765_None_2
||||||,frigid.level4768_None_2,frigid.level4769_None_2
|||||||,frigid.level4771_None_2
||,frigid.level4778_None_2,frigid.level4779_None_2,frigid.level4780_None_2,frigid.level4781_None_2,frigid.level4782_None_2,frigid.level4783_None_2
|||||,frigid.level4787_None_2,frigid.level4788_None_2,frigid.level4789_None_2
||||||,frigid.level4792_None_2,frigid.level4793_None_2
||||||,frigid.level4796_None_2,frigid.level4797_None_2
||||,frigid.level4802_None_2,frigid.level4803_None_2,frigid.level4804_None_2,frigid.level4805_None_2
|||||||,frigid.level4807_None_2
||||||,frigid.level4810_None_2,frigid.level4811_None_2
||||||,frigid.level4814_None_2,frigid.level4815_None_2
|||||,frigid.level4819_None_2,frigid.level4820_None_2,frigid.level4821_None_2
|||||||,frigid.level4823_None_2
|||,frigid.level4829_None_2,frigid.level4830_None_2,frigid.level4831_None_2,frigid.level4832_None_2,frigid.level4833_None_2
||||||,frigid.level4836_None_2,frigid.level4837_None_2
||||||,frigid.level4840_None_2,frigid.level4841_None_2
|||||||,frigid.level4843_None_2
|||||,frigid.level4847_None_2,frigid.level4848_None_2,frigid.level4849_None_2
||||||,frigid.level4852_None_2,frigid.level4853_None_2
|||||,frigid.level4857_None_2,frigid.level4858_None_2,frigid.level4859_None_2
||||,frigid.level4864_None_2,frigid.level4865_None_2,frigid.level4866_None_2,frigid.level4867_None_2
|||||||,frigid.level4869_None_2
||||||,frigid.level4872_None_2,frigid.level4873_None_2
|||||||,frigid.level4875_None_2
||||||,frigid.level4878_None_2,frigid.level4879_None_2
|||||,frigid.level4883_None_2,frigid.level4884_None_2,frigid.level4885_None_2
|||||||,frigid.level4887_None_2
|||||,frigid.level4891_None_2,frigid.level4892_None_2,frigid.level4893_None_2
|||||||,frigid.level4895_None_2
||||,frigid.level4900_None_2,frigid.level4901_None_2,frigid.level4902_None_2,frigid.level4903_None_2
|||||||,frigid.level4905_None_2
||||||,frigid.level4908_None_2,frigid.level4909_None_2
|||||||,frigid.level4911_None_2
||||||,frigid.level4914_None_2,frigid.level4915_None_2
|||||,frigid.level4919_None_2,frigid.level4920_None_2,frigid.level4921_None_2
|||,frigid.level4927_None_2,frigid.level4928_None_2,frigid.level4929_None_2,frigid.level4930_None_2,frigid.level4931_None_2
|||||||,frigid.level4933_None_2
||||||,frigid.level4936_None_2,frigid.level4937_None_2
||||||,frigid.level4940_None_2,frigid.level4941_None_2
||,frigid.level4948_None_2,frigid.level4949_None_2,frigid.level4950_None_2,frigid.level4951_None_2,frigid.level4952_None_2,frigid.level4953_None_2
||||||,frigid.level4956_None_2,frigid.level4957_None_2
|||||||,frigid.level4959_None_2
||||||,frigid.level4962_None_2,frigid.level4963_None_2
||||,frigid.level4968_None_2,frigid.level4969_None_2,frigid.level4970_None_2,frigid.level4971_None_2
|||||||,frigid.level4973_None_2
|||||,frigid.level4977_None_2,frigid.level4978_None_2,frigid.level4979_None_2
|||||,frigid.level4983_None_2,frigid.level4984_None_2,frigid.level4985_None_2
||||||,frigid.level4988_None_2,frigid.level4989_None_2
|||||||,frigid.level4991_None_2
||||,frigid.level4996_None_2,frigid.level4997_None_2,frigid.level4998_None_2,frigid.level4999_None_2
|||||||,frigid.level5001_None_2
|||||,frigid.level5005_None_2,frigid.level5006_None_2,frigid.level5007_None_2
|||||||,frigid.level5009_None_2
||||||,frigid.level5012_None_2,frigid.level5013_None_2
|||||,frigid.level5017_None_2,frigid.level5018_None_2,frigid.level5019_None_2
|||||,frigid.level5023_None_2,frigid.level5024_None_2,frigid.level5025_None_2
|||||||,frigid.level5027_None_2
||||||,frigid.level5030_None_2,frigid.level5031_None_2
|||||||,frigid.level5033_None_2
||||||,frigid.level5036_None_2,frigid.level5037_None_2
||||,frigid.level5042_None_2,frigid.level5043_None_2,frigid.level5044_None_2,frigid.level5045_None_2
|||||||,frigid.level5047_None_2
|||||,frigid.level5051_None_2,frigid.level5052_None_2,frigid.level5053_None_2
||||||,frigid.level5056_None_2,frigid.level5057_None_2
||||,frigid.level5062_None_2,frigid.level5063_None_2,frigid.level5064_None_2,frigid.level5065_None_2
|||||||,frigid.level5067_None_2
||||||,frigid.level5070_None_2,frigid.level5071_None_2
|||||||,frigid.level5073_None_2
||||||,frigid.level5076_None_2,frigid.level5077_None_2
|||||,frigid.level5081_None_2,frigid.level5082_None_2,frigid.level5083_None_2
|||,frigid.level5089_None_2,frigid.level5090_None_2,frigid.level5091_None_2,frigid.level5092_None_2,frigid.level5093_None_2
|||||||,frigid.level5095_None_2
||||||,frigid.level5098_None_2,frigid.level5099_None_2
|||||||,frigid.level5101_None_2
|||||,frigid.level5105_None_2,frigid.level5106_None_2,frigid.level5107_None_2
||||||,frigid.level5110_None_2,frigid.level5111_None_2
|||||,frigid.level5115_None_2,frigid.level5116_None_2,frigid.level5117_None_2
||||,frigid.level5122_None_2,frigid.level5123_None_2,frigid.level5124_None_2,frigid.level5125_None_2
||||||,frigid.level5128_None_2,frigid.level5129_None_2
||||,frigid.level5134_None_2,frigid.level5135_None_2,frigid.level5136_None_2,frigid.level5137_None_2
|||||||,frigid.level5139_None_2
|||||,frigid.level5143_None_2,frigid.level5144_None_2,frigid.level5145_None_2
||||||,frigid.level5148_None_2,frigid.level5149_None_2
|||||||,frigid.level5151_None_2
||||||,frigid.level5154_None_2,frigid.level5155_None_2
|||||,frigid.level5159_None_2,frigid.level5160_None_2,frigid.level5161_None_2
|||||||,frigid.level5163_None_2
||||,frigid.level5168_None_2,frigid.level5169_None_2,frigid.level5170_None_2,frigid.level5171_None_2
|||||||,frigid.level5173_None_2
||||||,frigid.level5176_None_2,frigid.level5177_None_2
|||||||,frigid.level5179_None_2
||||||,frigid.level5182_None_2,frigid.level5183_None_2
|||||||,frigid.level5185_None_2
|||,frigid.level5191_None_2,frigid.level5192_None_2,frigid.level5193_None_2,frigid.level5194_None_2,frigid.level5195_None_2
||||||,frigid.level5198_None_2,frigid.level5199_None_2
|||||,frigid.level5203_None_2,frigid.level5204_None_2,frigid.level5205_None_2
|||||,frigid.level5209_None_2,frigid.level5210_None_2,frigid.level5211_None_2
||||,frigid.level5216_None_2,frigid.level5217_None_2,frigid.level5218_None_2,frigid.level5219_None_2
||||||,frigid.level5222_None_2,frigid.level5223_None_2
|||||||,frigid.level5225_None_2
||||||,frigid.level5228_None_2,frigid.level5229_None_2
|||||,frigid.level5233_None_2,frigid.level5234_None_2,frigid.level5235_None_2
|||||||,frigid.level5237_None_2
|||||,frigid.level5241_None_2,frigid.level5242_None_2,frigid.level5243_None_2
||||||,frigid.level5246_None_2,frigid.level5247_None_2
|||||||,frigid.level5249_None_2
||||,frigid.level5254_None_2,frigid.level5255_None_2,frigid.level5256_None_2,frigid.level5257_None_2
|||||,frigid.level5261_None_2,frigid.level5262_None_2,frigid.level5263_None_2
||||||,frigid.level5266_None_2,frigid.level5267_None_2
|||||,frigid.level5271_None_2,frigid.level5272_None_2,frigid.level5273_None_2
|||||,frigid.level5277_None_2,frigid.level5278_None_2,frigid.level5279_None_2
||||||,frigid.level5282_None_2,frigid.level5283_None_2
||||||,frigid.level5286_None_2,frigid.level5287_None_2
|||||||,frigid.level5289_None_2
|||,frigid.level5295_None_2,frigid.level5296_None_2,frigid.level5297_None_2,frigid.level5298_None_2,frigid.level5299_None_2
|||||,frigid.level5303_None_2,frigid.level5304_None_2,frigid.level5305_None_2
||||||,frigid.level5308_None_2,frigid.level5309_None_2
|||||||,frigid.level5311_None_2
|||||,frigid.level5315_None_2,frigid.level5316_None_2,frigid.level5317_None_2
||||||,frigid.level5320_None_2,frigid.level5321_None_2
||||,frigid.level5326_None_2,frigid.level5327_None_2,frigid.level5328_None_2,frigid.level5329_None_2
|||||||,frigid.level5331_None_2
||||||,frigid.level5334_None_2,frigid.level5335_None_2
|||||,frigid.level5339_None_2,frigid.level5340_None_2,frigid.level5341_None_2
|||||||,frigid.level5343_None_2
|||,frigid.level5349_None_2,frigid.level5350_None_2,frigid.level5351_None_2,frigid.level5352_None_2,frigid.level5353_None_2
|||||||,frigid.level5355_None_2
||||||,frigid.level5358_None_2,frigid.level5359_None_2
|||||||,frigid.level5361_None_2
||||||,frigid.level5364_None_2,frigid.level5365_None_2
|||||,frigid.level5369_None_2,frigid.level5370_None_2,frigid.level5371_None_2
|||||||,frigid.level5373_None_2
|||||,frigid.level5377_None_2,frigid.level5378_None_2,frigid.level5379_None_2
||||,frigid.level5384_None_2,frigid.level5385_None_2,frigid.level5386_None_2,frigid.level5387_None_2
|||||||,frigid.level5389_None_2
||||||,frigid.level5392_None_2,frigid.level5393_None_2
|||||||,frigid.level5395_None_2
|||||,frigid.level5399_None_2,frigid.level5400_None_2,frigid.level5401_None_2
||||||,frigid.level5404_None_2,frigid.level5405_None_2
|||||,frigid.level5409_None_2,frigid.level5410_None_2,frigid.level5411_None_2
|||||||,frigid.level5413_None_2
|||,frigid.level5419_None_2,frigid.level5420_None_2,frigid.level5421_None_2,frigid.level5422_None_2,frigid.level5423_None_2
|||||||,frigid.level5425_None_2
||||||,frigid.level5428_None_2,frigid.level5429_None_2
||,frigid.level5436_None_2,frigid.level5437_None_2,frigid.level5438_None_2,frigid.level5439_None_2,frigid.level5440_None_2,frigid.level5441_None_2
|||||||,frigid.level5443_None_2
|||||,frigid.level5447_None_2,frigid.level5448_None_2,frigid.level5449_None_2
|||,frigid.level5455_None_2,frigid.level5456_None_2,frigid.level5457_None_2,frigid.level5458_None_2,frigid.level5459_None_2
|||||,frigid.level5463_None_2,frigid.level5464_None_2,frigid.level5465_None_2
|||||||,frigid.level5467_None_2
|||,frigid.level5473_None_2,frigid.level5474_None_2,frigid.level5475_None_2,frigid.level5476_None_2,frigid.level5477_None_2
||||||,frigid.level5480_None_2,frigid.level5481_None_2
|||||,frigid.level5485_None_2,frigid.level5486_None_2,frigid.level5487_None_2
|||||||,frigid.level5489_None_2
||||||,frigid.level5492_None_2,frigid.level5493_None_2
||||||,frigid.level5496_None_2,frigid.level5497_None_2
|||||||,frigid.level5499_None_2
||||,frigid.level5504_None_2,frigid.level5505_None_2,frigid.level5506_None_2,frigid.level5507_None_2
||||||,frigid.level5510_None_2,frigid.level5511_None_2
|||||,frigid.level5515_None_2,frigid.level5516_None_2,frigid.level5517_None_2
||||||,frigid.level5520_None_2,frigid.level5521_None_2
|||||||,frigid.level5523_None_2
||||||,frigid.level5526_None_2,frigid.level5527_None_2
|||||,frigid.level5531_None_2,frigid.level5532_None_2,frigid.level5533_None_2
|||||||,frigid.level5535_None_2
||||||,frigid.level5538_None_2,frigid.level5539_None_2
|||||||,frigid.level5541_None_2
||||,frigid.level5546_None_2,frigid.level5547_None_2,frigid.level5548_None_2,frigid.level5549_None_2
|||||||,frigid.level5551_None_2
|||||,frigid.level5555_None_2,frigid.level5556_None_2,frigid.level5557_None_2
|||||||,frigid.level5559_None_2
||||||,frigid.level5562_None_2,frigid.level5563_None_2
|||||,frigid.level5567_None_2,frigid.level5568_None_2,frigid.level5569_None_2
|||||||,frigid.level5571_None_2
||||||,frigid.level5574_None_2,frigid.level5575_None_2
|||||||,frigid.level5577_None_2
|||||,frigid.level5581_None_2,frigid.level5582_None_2,frigid.level5583_None_2
|||||||,frigid.level5585_None_2
||||||,frigid.level5588_None_2,frigid.level5589_None_2
||||||,frigid.level5592_None_2,frigid.level5593_None_2
|||||||,frigid.level5595_None_2
|||,frigid.level5601_None_2,frigid.level5602_None_2,frigid.level5603_None_2,frigid.level5604_None_2,frigid.level5605_None_2
||||||,frigid.level5608_None_2,frigid.level5609_None_2
||||||,frigid.level5612_None_2,frigid.level5613_None_2
|||||||,frigid.level5615_None_2
|||||,frigid.level5619_None_2,frigid.level5620_None_2,frigid.level5621_None_2
|||||||,frigid.level5623_None_2
||||||,frigid.level5626_None_2,frigid.level5627_None_2
||||,frigid.level5632_None_2,frigid.level5633_None_2,frigid.level5634_None_2,frigid.level5635_None_2
|||||||,frigid.level5637_None_2
|||||,frigid.level5641_None_2,frigid.level5642_None_2,frigid.level5643_None_2
|||||||,frigid.level5645_None_2
|||||,frigid.level5649_None_2,frigid.level5650_None_2,frigid.level5651_None_2
|||,frigid.level5657_None_2,frigid.level5658_None_2,frigid.level5659_None_2,frigid.level5660_None_2,frigid.level5661_None_2
|||||||,frigid.level5663_None_2
||||||,frigid.level5666_None_2,frigid.level5667_None_2
|||||||,frigid.level5669_None_2
||||||,frigid.level5672_None_2,frigid.level5673_None_2
|||||,frigid.level5677_None_2,frigid.level5678_None_2,frigid.level5679_None_2
||||||,frigid.level5682_None_2,frigid.level5683_None_2
|||||,frigid.level5687_None_2,frigid.level5688_None_2,frigid.level5689_None_2
|||||||,frigid.level5691_None_2
|||||,frigid.level5695_None_2,frigid.level5696_None_2,frigid.level5697_None_2
|||||||,frigid.level5699_None_2
||,frigid.level5706_None_2,frigid.level5707_None_2,frigid.level5708_None_2,frigid.level5709_None_2,frigid.level5710_None_2,frigid.level5711_None_2
|||||||,frigid.level5713_None_2
|||||,frigid.level5717_None_2,frigid.level5718_None_2,frigid.level5719_None_2
|||||,frigid.level5723_None_2,frigid.level5724_None_2,frigid.level5725_None_2
|||||,frigid.level5729_None_2,frigid.level5730_None_2,frigid.level5731_None_2
|||||||,frigid.level5733_None_2
||||,frigid.level5738_None_2,frigid.level5739_None_2,frigid.level5740_None_2,frigid.level5741_None_2
|||||||,frigid.level5743_None_2
||||||,frigid.level5746_None_2,frigid.level5747_None_2
||||,frigid.level5752_None_2,frigid.level5753_None_2,frigid.level5754_None_2,frigid.level5755_None_2
||||,frigid.level5760_None_2,frigid.level5761_None_2,frigid.level5762_None_2,frigid.level5763_None_2
|||||||,frigid.level5765_None_2
||||||,frigid.level5768_None_2,frigid.level5769_None_2
|||||||,frigid.level5771_None_2
||||||,frigid.level5774_None_2,frigid.level5775_None_2
|||||||,frigid.level5777_None_2
|||||,frigid.level5781_None_2,frigid.level5782_None_2,frigid.level5783_None_2
||||||,frigid.level5786_None_2,frigid.level5787_None_2
||||||,frigid.level5790_None_2,frigid.level5791_None_2
|||||||,frigid.level5793_None_2
|||||,frigid.level5797_None_2,frigid.level5798_None_2,frigid.level5799_None_2
|||||||,frigid.level5801_None_2
||||||,frigid.level5804_None_2,frigid.level5805_None_2
|||||||,frigid.level5807_None_2
||||||,frigid.level5810_None_2,frigid.level5811_None_2
|||||||,frigid.level5813_None_2
|||||,frigid.level5817_None_2,frigid.level5818_None_2,frigid.level5819_None_2
|||||||,frigid.level5821_None_2
||||||,frigid.level5824_None_2,frigid.level5825_None_2
||||,frigid.level5830_None_2,frigid.level5831_None_2,frigid.level5832_None_2,frigid.level5833_None_2
|||,frigid.level5839_None_2,frigid.level5840_None_2,frigid.level5841_None_2,frigid.level5842_None_2,frigid.level5843_None_2
||||||,frigid.level5846_None_2,frigid.level5847_None_2
|||||||,frigid.level5849_None_2
||||||,frigid.level5852_None_2,frigid.level5853_None_2