frigid.level0_2_3,frigid.level1_2_3,frigid.level2_2_3,frigid.level3_2_3,frigid.level4_2_3,frigid.level5_2_3,frigid.level6_2_3
||||||,frigid.level8_2_3
||||,frigid.level12_2_3,frigid.level13_2_3,frigid.level14_2_3
|||||,frigid.level17_2_3,frigid.level18_2_3
||||||,frigid.level20_2_3
||||,frigid.level24_2_3,frigid.level25_2_3,frigid.level26_2_3
||||,frigid.level30_2_3,frigid.level31_2_3,frigid.level32_2_3
||||||,frigid.level34_2_3
|||||,frigid.level37_2_3,frigid.level38_2_3
|||||,frigid.level41_2_3,frigid.level42_2_3
||||||,frigid.level44_2_3
|,frigid.level51_2_3,frigid.level52_2_3,frigid.level53_2_3,frigid.level54_2_3,frigid.level55_2_3,frigid.level56_2_3
||||||,frigid.level58_2_3
|||||,frigid.level61_2_3,frigid.level62_2_3
|||||,frigid.level65_2_3,frigid.level66_2_3
|||,frigid.level71_2_3,frigid.level72_2_3,frigid.level73_2_3,frigid.level74_2_3
||||||,frigid.level76_2_3
||||,frigid.level80_2_3,frigid.level81_2_3,frigid.level82_2_3
||||||,frigid.level84_2_3
|||||,frigid.level87_2_3,frigid.level88_2_3
||||,frigid.level92_2_3,frigid.level93_2_3,frigid.level94_2_3
|||||,frigid.level97_2_3,frigid.level98_2_3
||||,frigid.level102_2_3,frigid.level103_2_3,frigid.level104_2_3
|||,frigid.level109_2_3,frigid.level110_2_3,frigid.level111_2_3,frigid.level112_2_3
||||||,frigid.level114_2_3
|||||,frigid.level117_2_3,frigid.level118_2_3
||||,frigid.level122_2_3,frigid.level123_2_3,frigid.level124_2_3
|||||,frigid.level127_2_3,frigid.level128_2_3
||||||,frigid.level130_2_3
|||||,frigid.level133_2_3,frigid.level134_2_3
||,frigid.level140_2_3,frigid.level141_2_3,frigid.level142_2_3,frigid.level143_2_3,frigid.level144_2_3
||||||,frigid.level146_2_3
|||||,frigid.level149_2_3,frigid.level150_2_3
||||||,frigid.level152_2_3
||||,frigid.level156_2_3,frigid.level157_2_3,frigid.level158_2_3
||||||,frigid.level160_2_3
|||||,frigid.level163_2_3,frigid.level164_2_3
||||||,frigid.level166_2_3
|||||,frigid.level169_2_3,frigid.level170_2_3
||||,frigid.level174_2_3,frigid.level175_2_3,frigid.level176_2_3
||||||,frigid.level178_2_3
||||,frigid.level182_2_3,frigid.level183_2_3,frigid.level184_2_3
|||||,frigid.level187_2_3,frigid.level188_2_3
|||||,frigid.level191_2_3,frigid.level192_2_3
||||||,frigid.level194_2_3
||,frigid.level200_2_3,frigid.level201_2_3,frigid.level202_2_3,frigid.level203_2_3,frigid.level204_2_3
||||,frigid.level208_2_3,frigid.level209_2_3,frigid.level210_2_3
||||||,frigid.level212_2_3
|||,frigid.level217_2_3,frigid.level218_2_3,frigid.level219_2_3,frigid.level220_2_3
||||||,frigid.level222_2_3
|||||,frigid.level225_2_3,frigid.level226_2_3
||||||,frigid.level228_2_3
||||,frigid.level232_2_3,frigid.level233_2_3,frigid.level234_2_3
||||||,frigid.level236_2_3
||||,frigid.level240_2_3,frigid.level241_2_3,frigid.level242_2_3
||||||,frigid.level244_2_3
|||||,frigid.level247_2_3,frigid.level248_2_3
|||||,frigid.level251_2_3,frigid.level252_2_3
||||||,frigid.level254_2_3
||,frigid.level260_2_3,frigid.level261_2_3,frigid.level262_2_3,frigid.level263_2_3,frigid.level264_2_3
|||||,frigid.level267_2_3,frigid.level268_2_3
|||||,frigid.level271_2_3,frigid.level272_2_3
||||||,frigid.level274_2_3
||||,frigid.level278_2_3,frigid.level279_2_3,frigid.level280_2_3
|||||,frigid.level283_2_3,frigid.level284_2_3
||||||,frigid.level286_2_3
|||||,frigid.level289_2_3,frigid.level290_2_3
||||||,frigid.level292_2_3
||||,frigid.level296_2_3,frigid.level297_2_3,frigid.level298_2_3
|||||,frigid.level301_2_3,frigid.level302_2_3
||||||,frigid.level304_2_3
|||||,frigid.level307_2_3,frigid.level308_2_3
|||,frigid.level313_2_3,frigid.level314_2_3,frigid.level315_2_3,frigid.level316_2_3
||||||,frigid.level318_2_3
|||||,frigid.level321_2_3,frigid.level322_2_3
||||||,frigid.level324_2_3
|||,frigid.level329_2_3,frigid.level330_2_3,frigid.level331_2_3,frigid.level332_2_3
|||||,frigid.level335_2_3,frigid.level336_2_3
||||||,frigid.level338_2_3
||||,frigid.level342_2_3,frigid.level343_2_3,frigid.level344_2_3
||||,frigid.level348_2_3,frigid.level349_2_3,frigid.level350_2_3
|||||,frigid.level353_2_3,frigid.level354_2_3
||||,frigid.level358_2_3,frigid.level359_2_3,frigid.level360_2_3
||||||,frigid.level362_2_3
|||,frigid.level367_2_3,frigid.level368_2_3,frigid.level369_2_3,frigid.level370_2_3
|||||,frigid.level373_2_3,frigid.level374_2_3
||||||,frigid.level376_2_3
|||||,frigid.level379_2_3,frigid.level380_2_3
||||,frigid.level384_2_3,frigid.level385_2_3,frigid.level386_2_3
|||||,frigid.level389_2_3,frigid.level390_2_3
|||||,frigid.level393_2_3,frigid.level394_2_3
||||||,frigid.level396_2_3
||||,frigid.level400_2_3,frigid.level401_2_3,frigid.level402_2_3
|||||,frigid.level405_2_3,frigid.level406_2_3
||||||,frigid.level408_2_3
||||,frigid.level412_2_3,frigid.level413_2_3,frigid.level414_2_3
||||||,frigid.level416_2_3
|||||,frigid.level419_2_3,frigid.level420_2_3
|||,frigid.level425_2_3,frigid.level426_2_3,frigid.level427_2_3,frigid.level428_2_3
||||||,frigid.level430_2_3
||||,frigid.level434_2_3,frigid.level435_2_3,frigid.level436_2_3
|||||,frigid.level439_2_3,frigid.level440_2_3
||||,frigid.level444_2_3,frigid.level445_2_3,frigid.level446_2_3
|||||,frigid.level449_2_3,frigid.level450_2_3
||,frigid.level456_2_3,frigid.level457_2_3,frigid.level458_2_3,frigid.level459_2_3,frigid.level460_2_3
||||,frigid.level464_2_3,frigid.level465_2_3,frigid.level466_2_3
|||||,frigid.level469_2_3,frigid.level470_2_3
||||,frigid.level474_2_3,frigid.level475_2_3,frigid.level476_2_3
|||||,frigid.level479_2_3,frigid.level480_2_3
|||,frigid.level485_2_3,frigid.level486_2_3,frigid.level487_2_3,frigid.level488_2_3
||||||,frigid.level490_2_3
|||||,frigid.level493_2_3,frigid.level494_2_3
||||,frigid.level498_2_3,frigid.level499_2_3,frigid.level500_2_3
|||||,frigid.level503_2_3,frigid.level504_2_3
||||||,frigid.level506_2_3
|||||,frigid.level509_2_3,frigid.level510_2_3
||||||,frigid.level512_2_3
||||,frigid.level516_2_3,frigid.level517_2_3,frigid.level518_2_3
|||||,frigid.level521_2_3,frigid.level522_2_3
|||||,frigid.level525_2_3,frigid.level526_2_3
||,frigid.level532_2_3,frigid.level533_2_3,frigid.level534_2_3,frigid.level535_2_3,frigid.level536_2_3
||||||,frigid.level538_2_3
|||||,frigid.level541_2_3,frigid.level542_2_3
||||||,frigid.level544_2_3
||||,frigid.level548_2_3,frigid.level549_2_3,frigid.level550_2_3
||||||,frigid.level552_2_3
||||,frigid.level556_2_3,frigid.level557_2_3,frigid.level558_2_3
||||,frigid.level562_2_3,frigid.level563_2_3,frigid.level564_2_3
||||||,frigid.level566_2_3
|||||,frigid.level569_2_3,frigid.level570_2_3
|||||,frigid.level573_2_3,frigid.level574_2_3
|||,frigid.level579_2_3,frigid.level580_2_3,frigid.level581_2_3,frigid.level582_2_3
||||||,frigid.level584_2_3
||||,frigid.level588_2_3,frigid.level589_2_3,frigid.level590_2_3
||||||,frigid.level592_2_3
|||||,frigid.level595_2_3,frigid.level596_2_3
||||,frigid.level600_2_3,frigid.level601_2_3,frigid.level602_2_3
||||||,frigid.level604_2_3
|||||,frigid.level607_2_3,frigid.level608_2_3
||||,frigid.level612_2_3,frigid.level613_2_3,frigid.level614_2_3
||||||,frigid.level616_2_3
|||||,frigid.level619_2_3,frigid.level620_2_3
|||,frigid.level625_2_3,frigid.level626_2_3,frigid.level627_2_3,frigid.level628_2_3
|||||,frigid.level631_2_3,frigid.level632_2_3
||||||,frigid.level634_2_3
||||,frigid.level638_2_3,frigid.level639_2_3,frigid.level640_2_3
||||||,frigid.level642_2_3
|||||,frigid.level645_2_3,frigid.level646_2_3
||||,frigid.level650_2_3,frigid.level651_2_3,frigid.level652_2_3
||||||,frigid.level654_2_3
|||||,frigid.level657_2_3,frigid.level658_2_3
||||||,frigid.level660_2_3
|||,frigid.level665_2_3,frigid.level666_2_3,frigid.level667_2_3,frigid.level668_2_3
||||,frigid.level672_2_3,frigid.level673_2_3,frigid.level674_2_3
||||||,frigid.level676_2_3
|||||,frigid.level679_2_3,frigid.level680_2_3
||||,frigid.level684_2_3,frigid.level685_2_3,frigid.level686_2_3
|||||,frigid.level689_2_3,frigid.level690_2_3
||||||,frigid.level692_2_3
||||,frigid.level696_2_3,frigid.level697_2_3,frigid.level698_2_3
||||||,frigid.level700_2_3
|||||,frigid.level703_2_3,frigid.level704_2_3
|||||,frigid.level707_2_3,frigid.level708_2_3
|||,frigid.level713_2_3,frigid.level714_2_3,frigid.level715_2_3,frigid.level716_2_3
||||||,frigid.level718_2_3
|||||,frigid.level721_2_3,frigid.level722_2_3
|||||,frigid.level725_2_3,frigid.level726_2_3
||||||,frigid.level728_2_3
||||,frigid.level732_2_3,frigid.level733_2_3,frigid.level734_2_3
|||||,frigid.level737_2_3,frigid.level738_2_3
||||,frigid.level742_2_3,frigid.level743_2_3,frigid.level744_2_3
|||||,frigid.level747_2_3,frigid.level748_2_3
||||,frigid.level752_2_3,frigid.level753_2_3,frigid.level754_2_3
|||||,frigid.level757_2_3,frigid.level758_2_3
||||||,frigid.level760_2_3
|||||,frigid.level763_2_3,frigid.level764_2_3
||||||,frigid.level766_2_3
|,frigid.level773_2_3,frigid.level774_2_3,frigid.level775_2_3,frigid.level776_2_3,frigid.level777_2_3,frigid.level778_2_3
||||||,frigid.level780_2_3
||||,frigid.level784_2_3,frigid.level785_2_3,frigid.level786_2_3
||||||,frigid.level788_2_3
|||||,frigid.level791_2_3,frigid.level792_2_3
|||||,frigid.level795_2_3,frigid.level796_2_3
||||||,frigid.level798_2_3
||||,frigid.level802_2_3,frigid.level803_2_3,frigid.level804_2_3
|||||,frigid.level807_2_3,frigid.level808_2_3
||||,frigid.level812_2_3,frigid.level813_2_3,frigid.level814_2_3
|||||,frigid.level817_2_3,frigid.level818_2_3
|||,frigid.level823_2_3,frigid.level824_2_3,frigid.level825_2_3,frigid.level826_2_3
||||,frigid.level830_2_3,frigid.level831_2_3,frigid.level832_2_3
||||||,frigid.level834_2_3
|||||,frigid.level837_2_3,frigid.level838_2_3
||||||,frigid.level840_2_3
||||,frigid.level844_2_3,frigid.level845_2_3,frigid.level846_2_3
|||||,frigid.level849_2_3,frigid.level850_2_3
|||,frigid.level855_2_3,frigid.level856_2_3,frigid.level857_2_3,frigid.level858_2_3
||||,frigid.level862_2_3,frigid.level863_2_3,frigid.level864_2_3
|||||,frigid.level867_2_3,frigid.level868_2_3
||||||,frigid.level870_2_3
|||||,frigid.level873_2_3,frigid.level874_2_3
||||||,frigid.level876_2_3
||||,frigid.level880_2_3,frigid.level881_2_3,frigid.level882_2_3
||||||,frigid.level884_2_3
|||||,frigid.level887_2_3,frigid.level888_2_3
|||||,frigid.level891_2_3,frigid.level892_2_3
||||||,frigid.level894_2_3
||,frigid.level900_2_3,frigid.level901_2_3,frigid.level902_2_3,frigid.level903_2_3,frigid.level904_2_3
||||||,frigid.level906_2_3
|||||,frigid.level909_2_3,frigid.level910_2_3
||||||,frigid.level912_2_3
|||||,frigid.level915_2_3,frigid.level916_2_3
||||,frigid.level920_2_3,frigid.level921_2_3,frigid.level922_2_3
||||||,frigid.level924_2_3
|||||,frigid.level927_2_3,frigid.level928_2_3
|||||,frigid.level931_2_3,frigid.level932_2_3
||||,frigid.level936_2_3,frigid.level937_2_3,frigid.level938_2_3
|||,frigid.level943_2_3,frigid.level944_2_3,frigid.level945_2_3,frigid.level946_2_3
|||||,frigid.level949_2_3,frigid.level950_2_3
||||||,frigid.level952_2_3
|||||,frigid.level955_2_3,frigid.level956_2_3
||||||,frigid.level958_2_3
||||,frigid.level962_2_3,frigid.level963_2_3,frigid.level964_2_3
||||||,frigid.level966_2_3
||||,frigid.level970_2_3,frigid.level971_2_3,frigid.level972_2_3
||||||,frigid.level974_2_3
|||||,frigid.level977_2_3,frigid.level978_2_3
||||||,frigid.level980_2_3
|||||,frigid.level983_2_3,frigid.level984_2_3
|,frigid.level991_2_3,frigid.level992_2_3,frigid.level993_2_3,frigid.level994_2_3,frigid.level995_2_3,frigid.level996_2_3
||||,frigid.level1000_2_3,frigid.level1001_2_3,frigid.level1002_2_3
||||||,frigid.level1004_2_3
|||||,frigid.level1007_2_3,frigid.level1008_2_3
||||||,frigid.level1010_2_3
|||||,frigid.level1013_2_3,frigid.level1014_2_3
||||,frigid.level1018_2_3,frigid.level1019_2_3,frigid.level1020_2_3
|||||,frigid.level1023_2_3,frigid.level1024_2_3
||||||,frigid.level1026_2_3
|||||,frigid.level1029_2_3,frigid.level1030_2_3
|||,frigid.level1035_2_3,frigid.level1036_2_3,frigid.level1037_2_3,frigid.level1038_2_3
||||||,frigid.level1040_2_3
|||||,frigid.level1043_2_3,frigid.level1044_2_3
||||||,frigid.level1046_2_3
|||||,frigid.level1049_2_3,frigid.level1050_2_3
||||,frigid.level1054_2_3,frigid.level1055_2_3,frigid.level1056_2_3
|||||,frigid.level1059_2_3,frigid.level1060_2_3
|||||,frigid.level1063_2_3,frigid.level1064_2_3
||||||,frigid.level1066_2_3
|||,frigid.level1071_2_3,frigid.level1072_2_3,frigid.level1073_2_3,frigid.level1074_2_3
||||||,frigid.level1076_2_3
|||||,frigid.level1079_2_3,frigid.level1080_2_3
|||||,frigid.level1083_2_3,frigid.level1084_2_3
||||,frigid.level1088_2_3,frigid.level1089_2_3,frigid.level1090_2_3
|||||,frigid.level1093_2_3,frigid.level1094_2_3
||||||,frigid.level1096_2_3
|||||,frigid.level1099_2_3,frigid.level1100_2_3
||||,frigid.level1104_2_3,frigid.level1105_2_3,frigid.level1106_2_3
||||||,frigid.level1108_2_3
|||||,frigid.level1111_2_3,frigid.level1112_2_3
||||||,frigid.level1114_2_3
|||||,frigid.level1117_2_3,frigid.level1118_2_3
||||||,frigid.level1120_2_3
|||,frigid.level1125_2_3,frigid.level1126_2_3,frigid.level1127_2_3,frigid.level1128_2_3
||||||,frigid.level1130_2_3
|||||,frigid.level1133_2_3,frigid.level1134_2_3
|||||,frigid.level1137_2_3,frigid.level1138_2_3
|||,frigid.level1143_2_3,frigid.level1144_2_3,frigid.level1145_2_3,frigid.level1146_2_3
||||||,frigid.level1148_2_3
||||,frigid.level1152_2_3,frigid.level1153_2_3,frigid.level1154_2_3
||||||,frigid.level1156_2_3
||,frigid.level1162_2_3,frigid.level1163_2_3,frigid.level1164_2_3,frigid.level1165_2_3,frigid.level1166_2_3
||||||,frigid.level1168_2_3
|||||,frigid.level1171_2_3,frigid.level1172_2_3
||||||,frigid.level1174_2_3
|||||,frigid.level1177_2_3,frigid.level1178_2_3
||||||,frigid.level1180_2_3
|||,frigid.level1185_2_3,frigid.level1186_2_3,frigid.level1187_2_3,frigid.level1188_2_3
||||,frigid.level1192_2_3,frigid.level1193_2_3,frigid.level1194_2_3
||||||,frigid.level1196_2_3
|||||,frigid.level1199_2_3,frigid.level1200_2_3
||||,frigid.level1204_2_3,frigid.level1205_2_3,frigid.level1206_2_3
|||||,frigid.level1209_2_3,frigid.level1210_2_3
|||||,frigid.level1213_2_3,frigid.level1214_2_3
||||||,frigid.level1216_2_3
|||,frigid.level1221_2_3,frigid.level1222_2_3,frigid.level1223_2_3,frigid.level1224_2_3
||||||,frigid.level1226_2_3
|||||,frigid.level1229_2_3,frigid.level1230_2_3
||||||,frigid.level1232_2_3
|||||,frigid.level1235_2_3,frigid.level1236_2_3
||||,frigid.level1240_2_3,frigid.level1241_2_3,frigid.level1242_2_3
||||||,frigid.level1244_2_3
|||||,frigid.level1247_2_3,frigid.level1248_2_3
|||||,frigid.level1251_2_3,frigid.level1252_2_3
||||||,frigid.level1254_2_3
|||,frigid.level1259_2_3,frigid.level1260_2_3,frigid.level1261_2_3,frigid.level1262_2_3
|||||,frigid.level1265_2_3,frigid.level1266_2_3
||||,frigid.level1270_2_3,frigid.level1271_2_3,frigid.level1272_2_3
||||||,frigid.level1274_2_3
||||,frigid.level1278_2_3,frigid.level1279_2_3,frigid.level1280_2_3
||||||,frigid.level1282_2_3
|||||,frigid.level1285_2_3,frigid.level1286_2_3
||||,frigid.level1290_2_3,frigid.level1291_2_3,frigid.level1292_2_3
||||||,frigid.level1294_2_3
|||,frigid.level1299_2_3,frigid.level1300_2_3,frigid.level1301_2_3,frigid.level1302_2_3
||||||,frigid.level1304_2_3
||||,frigid.level1308_2_3,frigid.level1309_2_3,frigid.level1310_2_3
||||||,frigid.level1312_2_3
|||||,frigid.level1315_2_3,frigid.level1316_2_3
||||,frigid.level1320_2_3,frigid.level1321_2_3,frigid.level1322_2_3
|||||,frigid.level1325_2_3,frigid.level1326_2_3
||||,frigid.level1330_2_3,frigid.level1331_2_3,frigid.level1332_2_3
||||||,frigid.level1334_2_3
|||||,frigid.level1337_2_3,frigid.level1338_2_3
|||||,frigid.level1341_2_3,frigid.level1342_2_3
||,frigid.level1348_2_3,frigid.level1349_2_3,frigid.level1350_2_3,frigid.level1351_2_3,frigid.level1352_2_3
|||||,frigid.level1355_2_3,frigid.level1356_2_3
||||||,frigid.level1358_2_3
|||||,frigid.level1361_2_3,frigid.level1362_2_3
||||||,frigid.level1364_2_3
||||,frigid.level1368_2_3,frigid.level1369_2_3,frigid.level1370_2_3
|||||,frigid.level1373_2_3,frigid.level1374_2_3
|||,frigid.level1379_2_3,frigid.level1380_2_3,frigid.level1381_2_3,frigid.level1382_2_3
||||,frigid.level1386_2_3,frigid.level1387_2_3,frigid.level1388_2_3
|||||,frigid.level1391_2_3,frigid.level1392_2_3
|||,frigid.level1397_2_3,frigid.level1398_2_3,frigid.level1399_2_3,frigid.level1400_2_3
|||||,frigid.level1403_2_3,frigid.level1404_2_3
||||||,frigid.level1406_2_3
||||,frigid.level1410_2_3,frigid.level1411_2_3,frigid.level1412_2_3
||||||,frigid.level1414_2_3
|||||,frigid.level1417_2_3,frigid.level1418_2_3
|||,frigid.level1423_2_3,frigid.level1424_2_3,frigid.level1425_2_3,frigid.level1426_2_3
||||,frigid.level1430_2_3,frigid.level1431_2_3,frigid.level1432_2_3
||||||,frigid.level1434_2_3
|,frigid.level1441_2_3,frigid.level1442_2_3,frigid.level1443_2_3,frigid.level1444_2_3,frigid.level1445_2_3,frigid.level1446_2_3
||||||,frigid.level1448_2_3
|||||,frigid.level1451_2_3,frigid.level1452_2_3
||||||,frigid.level1454_2_3
|||||,frigid.level1457_2_3,frigid.level1458_2_3
||||,frigid.level1462_2_3,frigid.level1463_2_3,frigid.level1464_2_3
||||||,frigid.level1466_2_3
||||,frigid.level1470_2_3,frigid.level1471_2_3,frigid.level1472_2_3
||||||,frigid.level1474_2_3
|||,frigid.level1479_2_3,frigid.level1480_2_3,frigid.level1481_2_3,frigid.level1482_2_3
||||||,frigid.level1484_2_3
|||||,frigid.level1487_2_3,frigid.level1488_2_3
|||||,frigid.level1491_2_3,frigid.level1492_2_3
||||||,frigid.level1494_2_3
|||,frigid.level1499_2_3,frigid.level1500_2_3,frigid.level1501_2_3,frigid.level1502_2_3
||||||,frigid.level1504_2_3
|||||,frigid.level1507_2_3,frigid.level1508_2_3
||||||,frigid.level1510_2_3
|||||,frigid.level1513_2_3,frigid.level1514_2_3
||||,frigid.level1518_2_3,frigid.level1519_2_3,frigid.level1520_2_3
||||||,frigid.level1522_2_3
|||||,frigid.level1525_2_3,frigid.level1526_2_3
||||,frigid.level1530_2_3,frigid.level1531_2_3,frigid.level1532_2_3
||||||,frigid.level1534_2_3
|||||,frigid.level1537_2_3,frigid.level1538_2_3
||||||,frigid.level1540_2_3
||,frigid.level1546_2_3,frigid.level1547_2_3,frigid.level1548_2_3,frigid.level1549_2_3,frigid.level1550_2_3
||||||,frigid.level1552_2_3
|||||,frigid.level1555_2_3,frigid.level1556_2_3
||||,frigid.level1560_2_3,frigid.level1561_2_3,frigid.level1562_2_3
|||||,frigid.level1565_2_3,frigid.level1566_2_3
|||,frigid.level1571_2_3,frigid.level1572_2_3,frigid.level1573_2_3,frigid.level1574_2_3
||||||,frigid.level1576_2_3
||,frigid.level1582_2_3,frigid.level1583_2_3,frigid.level1584_2_3,frigid.level1585_2_3,frigid.level1586_2_3
||||||,frigid.level1588_2_3
|||||,frigid.level1591_2_3,frigid.level1592_2_3
||||,frigid.level1596_2_3,frigid.level1597_2_3,frigid.level1598_2_3
||||,frigid.level1602_2_3,frigid.level1603_2_3,frigid.level1604_2_3
|||||,frigid.level1607_2_3,frigid.level1608_2_3
||||||,frigid.level1610_2_3
|||||,frigid.level1613_2_3,frigid.level1614_2_3
||||||,frigid.level1616_2_3
||||,frigid.level1620_2_3,frigid.level1621_2_3,frigid.level1622_2_3
||||||,frigid.level1624_2_3
|||,frigid.level1629_2_3,frigid.level1630_2_3,frigid.level1631_2_3,frigid.level1632_2_3
|||||,frigid.level1635_2_3,frigid.level1636_2_3
|||||,frigid.level1639_2_3,frigid.level1640_2_3
||||||,frigid.level1642_2_3
||||,frigid.level1646_2_3,frigid.level1647_2_3,frigid.level1648_2_3
||||||,frigid.level1650_2_3
||||,frigid.level1654_2_3,frigid.level1655_2_3,frigid.level1656_2_3
||||,frigid.level1660_2_3,frigid.level1661_2_3,frigid.level1662_2_3
|||||,frigid.level1665_2_3,frigid.level1666_2_3
||||||,frigid.level1668_2_3
|||,frigid.level1673_2_3,frigid.level1674_2_3,frigid.level1675_2_3,frigid.level1676_2_3
|||||,frigid.level1679_2_3,frigid.level1680_2_3
||||||,frigid.level1682_2_3
||||,frigid.level1686_2_3,frigid.level1687_2_3,frigid.level1688_2_3
||||||,frigid.level1690_2_3
