tropical.level0_3_3,tropical.level1_3_3,tropical.level2_3_3,tropical.level3_3_3,tropical.level4_3_3,tropical.level5_3_3,tropical.level6_3_3
||||||,tropical.level8_3_3
|||||,tropical.level11_3_3,tropical.level12_3_3
|||,tropical.level17_3_3,tropical.level18_3_3,tropical.level19_3_3,tropical.level20_3_3
||||||,tropical.level22_3_3
|||||,tropical.level25_3_3,tropical.level26_3_3
||||||,tropical.level28_3_3
||||,tropical.level32_3_3,tropical.level33_3_3,tropical.level34_3_3
||||||,tropical.level36_3_3
|||||,tropical.level39_3_3,tropical.level40_3_3
||||,tropical.level44_3_3,tropical.level45_3_3,tropical.level46_3_3
||||||,tropical.level48_3_3
|||,tropical.level53_3_3,tropical.level54_3_3,tropical.level55_3_3,tropical.level56_3_3
|||||,tropical.level59_3_3,tropical.level60_3_3
|||||,tropical.level63_3_3,tropical.level64_3_3
||||||,tropical.level66_3_3
||||,tropical.level70_3_3,tropical.level71_3_3,tropical.level72_3_3
||||||,tropical.level74_3_3
||||,tropical.level78_3_3,tropical.level79_3_3,tropical.level80_3_3
||||||,tropical.level82_3_3
|||||,tropical.level85_3_3,tropical.level86_3_3
||||||,tropical.level88_3_3
|||||,tropical.level91_3_3,tropical.level92_3_3
||,tropical.level98_3_3,tropical.level99_3_3,tropical.level100_3_3,tropical.level101_3_3,tropical.level102_3_3
||||||,tropical.level104_3_3
||||,tropical.level108_3_3,tropical.level109_3_3,tropical.level110_3_3
|||||,tropical.level113_3_3,tropical.level114_3_3
|||||,tropical.level117_3_3,tropical.level118_3_3
||||||,tropical.level120_3_3
||||,tropical.level124_3_3,tropical.level125_3_3,tropical.level126_3_3
||||||,tropical.level128_3_3
|||||,tropical.level131_3_3,tropical.level132_3_3
|||||,tropical.level135_3_3,tropical.level136_3_3
||||||,tropical.level138_3_3
|||,tropical.level143_3_3,tropical.level144_3_3,tropical.level145_3_3,tropical.level146_3_3
||||||,tropical.level148_3_3
|||||,tropical.level151_3_3,tropical.level152_3_3
||||||,tropical.level154_3_3
|||,tropical.level159_3_3,tropical.level160_3_3,tropical.level161_3_3,tropical.level162_3_3
|||||,tropical.level165_3_3,tropical.level166_3_3
|||||,tropical.level169_3_3,tropical.level170_3_3
||||||,tropical.level172_3_3
||||,tropical.level176_3_3,tropical.level177_3_3,tropical.level178_3_3
||||||,tropical.level180_3_3
|||||,tropical.level183_3_3,tropical.level184_3_3
||||||,tropical.level186_3_3
|||||,tropical.level189_3_3,tropical.level190_3_3
||||||,tropical.level192_3_3
||||,tropical.level196_3_3,tropical.level197_3_3,tropical.level198_3_3
|||||,tropical.level201_3_3,tropical.level202_3_3
|||,tropical.level207_3_3,tropical.level208_3_3,tropical.level209_3_3,tropical.level210_3_3
|||||,tropical.level213_3_3,tropical.level214_3_3
||||,tropical.level218_3_3,tropical.level219_3_3,tropical.level220_3_3
|||||,tropical.level223_3_3,tropical.level224_3_3
|||||,tropical.level227_3_3,tropical.level228_3_3
||||||,tropical.level230_3_3
||||,tropical.level234_3_3,tropical.level235_3_3,tropical.level236_3_3
||||||,tropical.level238_3_3
|||||,tropical.level241_3_3,tropical.level242_3_3
||||,tropical.level246_3_3,tropical.level247_3_3,tropical.level248_3_3
|||||,tropical.level251_3_3,tropical.level252_3_3
||,tropical.level258_3_3,tropical.level259_3_3,tropical.level260_3_3,tropical.level261_3_3,tropical.level262_3_3
|||||,tropical.level265_3_3,tropical.level266_3_3
||||,tropical.level270_3_3,tropical.level271_3_3,tropical.level272_3_3
||||||,tropical.level274_3_3
|||||,tropical.level277_3_3,tropical.level278_3_3
||||,tropical.level282_3_3,tropical.level283_3_3,tropical.level284_3_3
||||||,tropical.level286_3_3
|||||,tropical.level289_3_3,tropical.level290_3_3
|||||,tropical.level293_3_3,tropical.level294_3_3
||||,tropical.level298_3_3,tropical.level299_3_3,tropical.level300_3_3
|||||,tropical.level303_3_3,tropical.level304_3_3
|||||,tropical.level307_3_3,tropical.level308_3_3
||||||,tropical.level310_3_3
||,tropical.level316_3_3,tropical.level317_3_3,tropical.level318_3_3,tropical.level319_3_3,tropical.level320_3_3
||||||,tropical.level322_3_3
|||||,tropical.level325_3_3,tropical.level326_3_3
|||||,tropical.level329_3_3,tropical.level330_3_3
||||,tropical.level334_3_3,tropical.level335_3_3,tropical.level336_3_3
|||||,tropical.level339_3_3,tropical.level340_3_3
|||||,tropical.level343_3_3,tropical.level344_3_3
||||||,tropical.level346_3_3
||||,tropical.level350_3_3,tropical.level351_3_3,tropical.level352_3_3
|,tropical.level359_3_3,tropical.level360_3_3,tropical.level361_3_3,tropical.level362_3_3,tropical.level363_3_3,tropical.level364_3_3
||||||,tropical.level366_3_3
||||,tropical.level370_3_3,tropical.level371_3_3,tropical.level372_3_3
|||||,tropical.level375_3_3,tropical.level376_3_3
||||||,tropical.level378_3_3
|||||,tropical.level381_3_3,tropical.level382_3_3
||||||,tropical.level384_3_3
|||,tropical.level389_3_3,tropical.level390_3_3,tropical.level391_3_3,tropical.level392_3_3
||||||,tropical.level394_3_3
|||||,tropical.level397_3_3,tropical.level398_3_3
|||||,tropical.level401_3_3,tropical.level402_3_3
||||,tropical.level406_3_3,tropical.level407_3_3,tropical.level408_3_3
||||||,tropical.level410_3_3
|||||,tropical.level413_3_3,tropical.level414_3_3
||||||,tropical.level416_3_3
|||||,tropical.level419_3_3,tropical.level420_3_3
||||||,tropical.level422_3_3
|||,tropical.level427_3_3,tropical.level428_3_3,tropical.level429_3_3,tropical.level430_3_3
|||||,tropical.level433_3_3,tropical.level434_3_3
||||,tropical.level438_3_3,tropical.level439_3_3,tropical.level440_3_3
||||||,tropical.level442_3_3
|||||,tropical.level445_3_3,tropical.level446_3_3
||||||,tropical.level448_3_3
|||||,tropical.level451_3_3,tropical.level452_3_3
||||,tropical.level456_3_3,tropical.level457_3_3,tropical.level458_3_3
||||||,tropical.level460_3_3
||,tropical.level466_3_3,tropical.level467_3_3,tropical.level468_3_3,tropical.level469_3_3,tropical.level470_3_3
||||||,tropical.level472_3_3
||||,tropical.level476_3_3,tropical.level477_3_3,tropical.level478_3_3
||||||,tropical.level480_3_3
|||||,tropical.level483_3_3,tropical.level484_3_3
||||||,tropical.level486_3_3
|||,tropical.level491_3_3,tropical.level492_3_3,tropical.level493_3_3,tropical.level494_3_3
|||||,tropical.level497_3_3,tropical.level498_3_3
||||||,tropical.level500_3_3
|||||,tropical.level503_3_3,tropical.level504_3_3
||,tropical.level510_3_3,tropical.level511_3_3,tropical.level512_3_3,tropical.level513_3_3,tropical.level514_3_3
||||||,tropical.level516_3_3
|||||,tropical.level519_3_3,tropical.level520_3_3
||||||,tropical.level522_3_3
|||||,tropical.level525_3_3,tropical.level526_3_3
||||||,tropical.level528_3_3
||||,tropical.level532_3_3,tropical.level533_3_3,tropical.level534_3_3
||||||,tropical.level536_3_3
|||||,tropical.level539_3_3,tropical.level540_3_3
||||||,tropical.level542_3_3
|||||,tropical.level545_3_3,tropical.level546_3_3
||||||,tropical.level548_3_3
|||,tropical.level553_3_3,tropical.level554_3_3,tropical.level555_3_3,tropical.level556_3_3
||||||,tropical.level558_3_3
|||||,tropical.level561_3_3,tropical.level562_3_3
||||||,tropical.level564_3_3
||,tropical.level570_3_3,tropical.level571_3_3,tropical.level572_3_3,tropical.level573_3_3,tropical.level574_3_3
|||||,tropical.level577_3_3,tropical.level578_3_3
||||||,tropical.level580_3_3
|||||,tropical.level583_3_3,tropical.level584_3_3
||||,tropical.level588_3_3,tropical.level589_3_3,tropical.level590_3_3
|||||,tropical.level593_3_3,tropical.level594_3_3
||||||,tropical.level596_3_3
|||||,tropical.level599_3_3,tropical.level600_3_3
|,tropical.level607_3_3,tropical.level608_3_3,tropical.level609_3_3,tropical.level610_3_3,tropical.level611_3_3,tropical.level612_3_3
||||||,tropical.level614_3_3
|||||,tropical.level617_3_3,tropical.level618_3_3
|||,tropical.level623_3_3,tropical.level624_3_3,tropical.level625_3_3,tropical.level626_3_3
||||||,tropical.level628_3_3
|||||,tropical.level631_3_3,tropical.level632_3_3
|||,tropical.level637_3_3,tropical.level638_3_3,tropical.level639_3_3,tropical.level640_3_3
||||||,tropical.level642_3_3
||||,tropical.level646_3_3,tropical.level647_3_3,tropical.level648_3_3
|||||,tropical.level651_3_3,tropical.level652_3_3
|||||,tropical.level655_3_3,tropical.level656_3_3
||||||,tropical.level658_3_3
||||,tropical.level662_3_3,tropical.level663_3_3,tropical.level664_3_3
||||||,tropical.level666_3_3
|||,tropical.level671_3_3,tropical.level672_3_3,tropical.level673_3_3,tropical.level674_3_3
|||||,tropical.level677_3_3,tropical.level678_3_3
||||||,tropical.level680_3_3
|||||,tropical.level683_3_3,tropical.level684_3_3
||||,tropical.level688_3_3,tropical.level689_3_3,tropical.level690_3_3
||||,tropical.level694_3_3,tropical.level695_3_3,tropical.level696_3_3
|||,tropical.level701_3_3,tropical.level702_3_3,tropical.level703_3_3,tropical.level704_3_3
|||||,tropical.level707_3_3,tropical.level708_3_3
|||||,tropical.level711_3_3,tropical.level712_3_3
||||||,tropical.level714_3_3
||||,tropical.level718_3_3,tropical.level719_3_3,tropical.level720_3_3
||||||,tropical.level722_3_3
|||||,tropical.level725_3_3,tropical.level726_3_3
|||||,tropical.level729_3_3,tropical.level730_3_3
||||,tropical.level734_3_3,tropical.level735_3_3,tropical.level736_3_3
|||||,tropical.level739_3_3,tropical.level740_3_3
||,tropical.level746_3_3,tropical.level747_3_3,tropical.level748_3_3,tropical.level749_3_3,tropical.level750_3_3
||||||,tropical.level752_3_3
|||||,tropical.level755_3_3,tropical.level756_3_3
|||,tropical.level761_3_3,tropical.level762_3_3,tropical.level763_3_3,tropical.level764_3_3
||||||,tropical.level766_3_3
|||||,tropical.level769_3_3,tropical.level770_3_3
||||,tropical.level774_3_3,tropical.level775_3_3,tropical.level776_3_3
||||||,tropical.level778_3_3
|||||,tropical.level781_3_3,tropical.level782_3_3
|||||,tropical.level785_3_3,tropical.level786_3_3
||||,tropical.level790_3_3,tropical.level791_3_3,tropical.level792_3_3
||||||,tropical.level794_3_3
|||||,tropical.level797_3_3,tropical.level798_3_3
|||||,tropical.level801_3_3,tropical.level802_3_3
||||||,tropical.level804_3_3
||||,tropical.level808_3_3,tropical.level809_3_3,tropical.level810_3_3
||||||,tropical.level812_3_3
|||||,tropical.level815_3_3,tropical.level816_3_3
|||||,tropical.level819_3_3,tropical.level820_3_3
|||,tropical.level825_3_3,tropical.level826_3_3,tropical.level827_3_3,tropical.level828_3_3
||||||,tropical.level830_3_3
|||||,tropical.level833_3_3,tropical.level834_3_3
||||,tropical.level838_3_3,tropical.level839_3_3,tropical.level840_3_3
||,tropical.level846_3_3,tropical.level847_3_3,tropical.level848_3_3,tropical.level849_3_3,tropical.level850_3_3
||||,tropical.level854_3_3,tropical.level855_3_3,tropical.level856_3_3
|||,tropical.level861_3_3,tropical.level862_3_3,tropical.level863_3_3,tropical.level864_3_3
||||||,tropical.level866_3_3
|||||,tropical.level869_3_3,tropical.level870_3_3
||||,tropical.level874_3_3,tropical.level875_3_3,tropical.level876_3_3
|||||,tropical.level879_3_3,tropical.level880_3_3
|,tropical.level887_3_3,tropical.level888_3_3,tropical.level889_3_3,tropical.level890_3_3,tropical.level891_3_3,tropical.level892_3_3
||||||,tropical.level894_3_3
||||,tropical.level898_3_3,tropical.level899_3_3,tropical.level900_3_3
|||||,tropical.level903_3_3,tropical.level904_3_3
||||||,tropical.level906_3_3
||||,tropical.level910_3_3,tropical.level911_3_3,tropical.level912_3_3
|||||,tropical.level915_3_3,tropical.level916_3_3
|||,tropical.level921_3_3,tropical.level922_3_3,tropical.level923_3_3,tropical.level924_3_3
|||||,tropical.level927_3_3,tropical.level928_3_3
|||||,tropical.level931_3_3,tropical.level932_3_3
||,tropical.level938_3_3,tropical.level939_3_3,tropical.level940_3_3,tropical.level941_3_3,tropical.level942_3_3
||||||,tropical.level944_3_3
|||||,tropical.level947_3_3,tropical.level948_3_3
|||||,tropical.level951_3_3,tropical.level952_3_3
||,tropical.level958_3_3,tropical.level959_3_3,tropical.level960_3_3,tropical.level961_3_3,tropical.level962_3_3
||||||,tropical.level964_3_3
|||,tropical.level969_3_3,tropical.level970_3_3,tropical.level971_3_3,tropical.level972_3_3
|||||,tropical.level975_3_3,tropical.level976_3_3
||||||,tropical.level978_3_3
|||||,tropical.level981_3_3,tropical.level982_3_3
||||||,tropical.level984_3_3
||||,tropical.level988_3_3,tropical.level989_3_3,tropical.level990_3_3
||||||,tropical.level992_3_3
|||||,tropical.level995_3_3,tropical.level996_3_3
||||||,tropical.level998_3_3
||||,tropical.level1002_3_3,tropical.level1003_3_3,tropical.level1004_3_3
|||||,tropical.level1007_3_3,tropical.level1008_3_3
||||||,tropical.level1010_3_3
||||,tropical.level1014_3_3,tropical.level1015_3_3,tropical.level1016_3_3
||||||,tropical.level1018_3_3
|||||,tropical.level1021_3_3,tropical.level1022_3_3
||||||,tropical.level1024_3_3
|||,tropical.level1029_3_3,tropical.level1030_3_3,tropical.level1031_3_3,tropical.level1032_3_3
||||||,tropical.level1034_3_3
||||,tropical.level1038_3_3,tropical.level1039_3_3,tropical.level1040_3_3
|||||,tropical.level1043_3_3,tropical.level1044_3_3
||||||,tropical.level1046_3_3
||||,tropical.level1050_3_3,tropical.level1051_3_3,tropical.level1052_3_3
|||||,tropical.level1055_3_3,tropical.level1056_3_3
||||||,tropical.level1058_3_3
|||||,tropical.level1061_3_3,tropical.level1062_3_3
||||||,tropical.level1064_3_3
||||,tropical.level1068_3_3,tropical.level1069_3_3,tropical.level1070_3_3
||||||,tropical.level1072_3_3
|||||,tropical.level1075_3_3,tropical.level1076_3_3
||||||,tropical.level1078_3_3
|||||,tropical.level1081_3_3,tropical.level1082_3_3
||||||,tropical.level1084_3_3
|||,tropical.level1089_3_3,tropical.level1090_3_3,tropical.level1091_3_3,tropical.level1092_3_3
|||||,tropical.level1095_3_3,tropical.level1096_3_3
||||||,tropical.level1098_3_3
|||||,tropical.level1101_3_3,tropical.level1102_3_3
||||,tropical.level1106_3_3,tropical.level1107_3_3,tropical.level1108_3_3
||,tropical.level1114_3_3,tropical.level1115_3_3,tropical.level1116_3_3,tropical.level1117_3_3,tropical.level1118_3_3
|||||,tropical.level1121_3_3,tropical.level1122_3_3
||||,tropical.level1126_3_3,tropical.level1127_3_3,tropical.level1128_3_3
||||||,tropical.level1130_3_3
||||,tropical.level1134_3_3,tropical.level1135_3_3,tropical.level1136_3_3
||||||,tropical.level1138_3_3
|||||,tropical.level1141_3_3,tropical.level1142_3_3
||||||,tropical.level1144_3_3
||||,tropical.level1148_3_3,tropical.level1149_3_3,tropical.level1150_3_3
|||||,tropical.level1153_3_3,tropical.level1154_3_3
|||,tropical.level1159_3_3,tropical.level1160_3_3,tropical.level1161_3_3,tropical.level1162_3_3
||||||,tropical.level1164_3_3
|||||,tropical.level1167_3_3,tropical.level1168_3_3
||||||,tropical.level1170_3_3
||||,tropical.level1174_3_3,tropical.level1175_3_3,tropical.level1176_3_3
||||||,tropical.level1178_3_3
|||||,tropical.level1181_3_3,tropical.level1182_3_3
||||||,tropical.level1184_3_3
||||,tropical.level1188_3_3,tropical.level1189_3_3,tropical.level1190_3_3
|||||,tropical.level1193_3_3,tropical.level1194_3_3
||||||,tropical.level1196_3_3
|||||,tropical.level1199_3_3,tropical.level1200_3_3
|||,tropical.level1205_3_3,tropical.level1206_3_3,tropical.level1207_3_3,tropical.level1208_3_3
||||,tropical.level1212_3_3,tropical.level1213_3_3,tropical.level1214_3_3
||||||,tropical.level1216_3_3
|,tropical.level1223_3_3,tropical.level1224_3_3,tropical.level1225_3_3,tropical.level1226_3_3,tropical.level1227_3_3,tropical.level1228_3_3
||||||,tropical.level1230_3_3
|||||,tropical.level1233_3_3,tropical.level1234_3_3
||||,tropical.level1238_3_3,tropical.level1239_3_3,tropical.level1240_3_3
|||,tropical.level1245_3_3,tropical.level1246_3_3,tropical.level1247_3_3,tropical.level1248_3_3
|||||,tropical.level1251_3_3,tropical.level1252_3_3
||||||,tropical.level1254_3_3
|||||,tropical.level1257_3_3,tropical.level1258_3_3
|||,tropical.level1263_3_3,tropical.level1264_3_3,tropical.level1265_3_3,tropical.level1266_3_3
|||||,tropical.level1269_3_3,tropical.level1270_3_3
||||,tropical.level1274_3_3,tropical.level1275_3_3,tropical.level1276_3_3
|||||,tropical.level1279_3_3,tropical.level1280_3_3
||||,tropical.level1284_3_3,tropical.level1285_3_3,tropical.level1286_3_3
|||||,tropical.level1289_3_3,tropical.level1290_3_3
||||||,tropical.level1292_3_3
|||,tropical.level1297_3_3,tropical.level1298_3_3,tropical.level1299_3_3,tropical.level1300_3_3
||||,tropical.level1304_3_3,tropical.level1305_3_3,tropical.level1306_3_3
|||||,tropical.level1309_3_3,tropical.level1310_3_3
||||||,tropical.level1312_3_3
|||||,tropical.level1315_3_3,tropical.level1316_3_3
||||||,tropical.level1318_3_3
||||,tropical.level1322_3_3,tropical.level1323_3_3,tropical.level1324_3_3
||||||,tropical.level1326_3_3
|||||,tropical.level1329_3_3,tropical.level1330_3_3
||||||,tropical.level1332_3_3
|||||,tropical.level1335_3_3,tropical.level1336_3_3
|||,tropical.level1341_3_3,tropical.level1342_3_3,tropical.level1343_3_3,tropical.level1344_3_3
||||||,tropical.level1346_3_3
|||||,tropical.level1349_3_3,tropical.level1350_3_3
||||||,tropical.level1352_3_3
|||||,tropical.level1355_3_3,tropical.level1356_3_3
||||||,tropical.level1358_3_3
||||,tropical.level1362_3_3,tropical.level1363_3_3,tropical.level1364_3_3
|,tropical.level1371_3_3,tropical.level1372_3_3,tropical.level1373_3_3,tropical.level1374_3_3,tropical.level1375_3_3,tropical.level1376_3_3
|||||,tropical.level1379_3_3,tropical.level1380_3_3
||||||,tropical.level1382_3_3
|||||,tropical.level1385_3_3,tropical.level1386_3_3
||||||,tropical.level1388_3_3
||||,tropical.level1392_3_3,tropical.level1393_3_3,tropical.level1394_3_3
|||||,tropical.level1397_3_3,tropical.level1398_3_3
|||||,tropical.level1401_3_3,tropical.level1402_3_3
|||,tropical.level1407_3_3,tropical.level1408_3_3,tropical.level1409_3_3,tropical.level1410_3_3
|||||,tropical.level1413_3_3,tropical.level1414_3_3
||||||,tropical.level1416_3_3
|||||,tropical.level1419_3_3,tropical.level1420_3_3
||||||,tropical.level1422_3_3
||||,tropical.level1426_3_3,tropical.level1427_3_3,tropical.level1428_3_3
||,tropical.level1434_3_3,tropical.level1435_3_3,tropical.level1436_3_3,tropical.level1437_3_3,tropical.level1438_3_3
||||||,tropical.level1440_3_3
|||||,tropical.level1443_3_3,tropical.level1444_3_3
|||||,tropical.level1447_3_3,tropical.level1448_3_3
||||,tropical.level1452_3_3,tropical.level1453_3_3,tropical.level1454_3_3
||||,tropical.level1458_3_3,tropical.level1459_3_3,tropical.level1460_3_3
|||||,tropical.level1463_3_3,tropical.level1464_3_3
|||,tropical.level1469_3_3,tropical.level1470_3_3,tropical.level1471_3_3,tropical.level1472_3_3
||||||,tropical.level1474_3_3
|||||,tropical.level1477_3_3,tropical.level1478_3_3
||||||,tropical.level1480_3_3
|||||,tropical.level1483_3_3,tropical.level1484_3_3
||||||,tropical.level1486_3_3
||||,tropical.level1490_3_3,tropical.level1491_3_3,tropical.level1492_3_3
||||,tropical.level1496_3_3,tropical.level1497_3_3,tropical.level1498_3_3
|||||,tropical.level1501_3_3,tropical.level1502_3_3
||||||,tropical.level1504_3_3
||||,tropical.level1508_3_3,tropical.level1509_3_3,tropical.level1510_3_3
||||||,tropical.level1512_3_3
|||||,tropical.level1515_3_3,tropical.level1516_3_3
||||||,tropical.level1518_3_3
||,tropical.level1524_3_3,tropical.level1525_3_3,tropical.level1526_3_3,tropical.level1527_3_3,tropical.level1528_3_3
|||,tropical.level1533_3_3,tropical.level1534_3_3,tropical.level1535_3_3,tropical.level1536_3_3
|||||,tropical.level1539_3_3,tropical.level1540_3_3
||||||,tropical.level1542_3_3
||,tropical.level1548_3_3,tropical.level1549_3_3,tropical.level1550_3_3,tropical.level1551_3_3,tropical.level1552_3_3
|||||,tropical.level1555_3_3,tropical.level1556_3_3
|||||,tropical.level1559_3_3,tropical.level1560_3_3
||||||,tropical.level1562_3_3
||||,tropical.level1566_3_3,tropical.level1567_3_3,tropical.level1568_3_3
|||||,tropical.level1571_3_3,tropical.level1572_3_3
|,tropical.level1579_3_3,tropical.level1580_3_3,tropical.level1581_3_3,tropical.level1582_3_3,tropical.level1583_3_3,tropical.level1584_3_3
||||||,tropical.level1586_3_3
|||||,tropical.level1589_3_3,tropical.level1590_3_3
||||,tropical.level1594_3_3,tropical.level1595_3_3,tropical.level1596_3_3
|||||,tropical.level1599_3_3,tropical.level1600_3_3
||||||,tropical.level1602_3_3
|||||,tropical.level1605_3_3,tropical.level1606_3_3
||,tropical.level1612_3_3,tropical.level1613_3_3,tropical.level1614_3_3,tropical.level1615_3_3,tropical.level1616_3_3
||||||,tropical.level1618_3_3
|||||,tropical.level1621_3_3,tropical.level1622_3_3
||||,tropical.level1626_3_3,tropical.level1627_3_3,tropical.level1628_3_3
||||,tropical.level1632_3_3,tropical.level1633_3_3,tropical.level1634_3_3
|||||,tropical.level1637_3_3,tropical.level1638_3_3
||||||,tropical.level1640_3_3
|||||,tropical.level1643_3_3,tropical.level1644_3_3
||||||,tropical.level1646_3_3
||||,tropical.level1650_3_3,tropical.level1651_3_3,tropical.level1652_3_3
||||||,tropical.level1654_3_3
|||,tropical.level1659_3_3,tropical.level1660_3_3,tropical.level1661_3_3,tropical.level1662_3_3
|||||,tropical.level1665_3_3,tropical.level1666_3_3
||||,tropical.level1670_3_3,tropical.level1671_3_3,tropical.level1672_3_3
||||||,tropical.level1674_3_3
|||||,tropical.level1677_3_3,tropical.level1678_3_3
||||||,tropical.level1680_3_3
|||||,tropical.level1683_3_3,tropical.level1684_3_3
||||,tropical.level1688_3_3,tropical.level1689_3_3,tropical.level1690_3_3
||||,tropical.level1694_3_3,tropical.level1695_3_3,tropical.level1696_3_3
|||,tropical.level1701_3_3,tropical.level1702_3_3,tropical.level1703_3_3,tropical.level1704_3_3
||||||,tropical.level1706_3_3
|||||,tropical.level1709_3_3,tropical.level1710_3_3
||||||,tropical.level1712_3_3
|||||,tropical.level1715_3_3,tropical.level1716_3_3
||||||,tropical.level1718_3_3
|||,tropical.level1723_3_3,tropical.level1724_3_3,tropical.level1725_3_3,tropical.level1726_3_3
||||||,tropical.level1728_3_3
|||||,tropical.level1731_3_3,tropical.level1732_3_3
||||,tropical.level1736_3_3,tropical.level1737_3_3,tropical.level1738_3_3
||||||,tropical.level1740_3_3
|||||,tropical.level1743_3_3,tropical.level1744_3_3
||||,tropical.level1748_3_3,tropical.level1749_3_3,tropical.level1750_3_3
|||||,tropical.level1753_3_3,tropical.level1754_3_3
||||||,tropical.level1756_3_3
||||,tropical.level1760_3_3,tropical.level1761_3_3,tropical.level1762_3_3
|||||,tropical.level1765_3_3,tropical.level1766_3_3
|||,tropical.level1771_3_3,tropical.level1772_3_3,tropical.level1773_3_3,tropical.level1774_3_3
||||,tropical.level1778_3_3,tropical.level1779_3_3,tropical.level1780_3_3
||||||,tropical.level1782_3_3
|||||,tropical.level1785_3_3,tropical.level1786_3_3
||||,tropical.level1790_3_3,tropical.level1791_3_3,tropical.level1792_3_3
|||||,tropical.level1795_3_3,tropical.level1796_3_3
||||||,tropical.level1798_3_3
|||||,tropical.level1801_3_3,tropical.level1802_3_3
||,tropical.level1808_3_3,tropical.level1809_3_3,tropical.level1810_3_3,tropical.level1811_3_3,tropical.level1812_3_3
|||||,tropical.level1815_3_3,tropical.level1816_3_3
||||,tropical.level1820_3_3,tropical.level1821_3_3,tropical.level1822_3_3
