tropical.level0_3_3,tropical.level1_3_3,tropical.level2_3_3,tropical.level3_3_3,tropical.level4_3_3
|||,tropical.level7_3_3,tropical.level8_3_3
||||,tropical.level10_3_3
||,tropical.level14_3_3,tropical.level15_3_3,tropical.level16_3_3
||||,tropical.level18_3_3
|||,tropical.level21_3_3,tropical.level22_3_3
|||,tropical.level25_3_3,tropical.level26_3_3
||,tropical.level30_3_3,tropical.level31_3_3,tropical.level32_3_3
||||,tropical.level34_3_3
|||,tropical.level37_3_3,tropical.level38_3_3
|||,tropical.level41_3_3,tropical.level42_3_3
||||,tropical.level44_3_3
||,tropical.level48_3_3,tropical.level49_3_3,tropical.level50_3_3
|||,tropical.level53_3_3,tropical.level54_3_3
|||,tropical.level57_3_3,tropical.level58_3_3
|,tropical.level63_3_3,tropical.level64_3_3,tropical.level65_3_3,tropical.level66_3_3
||||,tropical.level68_3_3
||,tropical.level72_3_3,tropical.level73_3_3,tropical.level74_3_3
||,tropical.level78_3_3,tropical.level79_3_3,tropical.level80_3_3
||||,tropical.level82_3_3
||,tropical.level86_3_3,tropical.level87_3_3,tropical.level88_3_3
||||,tropical.level90_3_3
|,tropical.level95_3_3,tropical.level96_3_3,tropical.level97_3_3,tropical.level98_3_3
|||,tropical.level101_3_3,tropical.level102_3_3
||,tropical.level106_3_3,tropical.level107_3_3,tropical.level108_3_3
|||,tropical.level111_3_3,tropical.level112_3_3
|,tropical.level117_3_3,tropical.level118_3_3,tropical.level119_3_3,tropical.level120_3_3
|||,tropical.level123_3_3,tropical.level124_3_3
||,tropical.level128_3_3,tropical.level129_3_3,tropical.level130_3_3
|||,tropical.level133_3_3,tropical.level134_3_3
|||,tropical.level137_3_3,tropical.level138_3_3
||||,tropical.level140_3_3
||,tropical.level144_3_3,tropical.level145_3_3,tropical.level146_3_3
||,tropical.level150_3_3,tropical.level151_3_3,tropical.level152_3_3
