urban.level0_5_3,urban.level1_5_3,urban.level2_5_3,urban.level3_5_3,urban.level4_5_3
||,urban.level8_5_3,urban.level9_5_3,urban.level10_5_3
|,urban.level15_5_3,urban.level16_5_3,urban.level17_5_3,urban.level18_5_3
||||,urban.level20_5_3
|||,urban.level23_5_3,urban.level24_5_3
|||,urban.level27_5_3,urban.level28_5_3
||||,urban.level30_5_3
||,urban.level34_5_3,urban.level35_5_3,urban.level36_5_3
|||,urban.level39_5_3,urban.level40_5_3
||||,urban.level42_5_3
|,urban.level47_5_3,urban.level48_5_3,urban.level49_5_3,urban.level50_5_3
|||,urban.level53_5_3,urban.level54_5_3
||,urban.level58_5_3,urban.level59_5_3,urban.level60_5_3
|||,urban.level63_5_3,urban.level64_5_3
|||,urban.level67_5_3,urban.level68_5_3
||,urban.level72_5_3,urban.level73_5_3,urban.level74_5_3
||||,urban.level76_5_3
||,urban.level80_5_3,urban.level81_5_3,urban.level82_5_3
|||,urban.level85_5_3,urban.level86_5_3
|,urban.level91_5_3,urban.level92_5_3,urban.level93_5_3,urban.level94_5_3
|||,urban.level97_5_3,urban.level98_5_3
|||,urban.level101_5_3,urban.level102_5_3
||||,urban.level104_5_3
||,urban.level108_5_3,urban.level109_5_3,urban.level110_5_3
|||,urban.level113_5_3,urban.level114_5_3
||||,urban.level116_5_3
||,urban.level120_5_3,urban.level121_5_3,urban.level122_5_3
||||,urban.level124_5_3
|||,urban.level127_5_3,urban.level128_5_3
||,urban.level132_5_3,urban.level133_5_3,urban.level134_5_3
||||,urban.level136_5_3
|||,urban.level139_5_3,urban.level140_5_3
||||,urban.level142_5_3
|||,urban.level145_5_3,urban.level146_5_3
||||,urban.level148_5_3
