urban.level0_5_3,urban.level1_5_3,urban.level2_5_3,urban.level3_5_3,urban.level4_5_3,urban.level5_5_3,urban.level6_5_3
||||||,urban.level8_5_3
|||||,urban.level11_5_3,urban.level12_5_3
||||||,urban.level14_5_3
|||||,urban.level17_5_3,urban.level18_5_3
||||,urban.level22_5_3,urban.level23_5_3,urban.level24_5_3
||||,urban.level28_5_3,urban.level29_5_3,urban.level30_5_3
||||||,urban.level32_5_3
|||,urban.level37_5_3,urban.level38_5_3,urban.level39_5_3,urban.level40_5_3
|||||,urban.level43_5_3,urban.level44_5_3
|||||,urban.level47_5_3,urban.level48_5_3
||||,urban.level52_5_3,urban.level53_5_3,urban.level54_5_3
|||||,urban.level57_5_3,urban.level58_5_3
||||||,urban.level60_5_3
||||,urban.level64_5_3,urban.level65_5_3,urban.level66_5_3
||||||,urban.level68_5_3
|||,urban.level73_5_3,urban.level74_5_3,urban.level75_5_3,urban.level76_5_3
||||||,urban.level78_5_3
|||||,urban.level81_5_3,urban.level82_5_3
||||,urban.level86_5_3,urban.level87_5_3,urban.level88_5_3
||||||,urban.level90_5_3
||||,urban.level94_5_3,urban.level95_5_3,urban.level96_5_3
|||||,urban.level99_5_3,urban.level100_5_3
||||||,urban.level102_5_3
|||||,urban.level105_5_3,urban.level106_5_3
||||||,urban.level108_5_3
|||,urban.level113_5_3,urban.level114_5_3,urban.level115_5_3,urban.level116_5_3
||||||,urban.level118_5_3
||,urban.level124_5_3,urban.level125_5_3,urban.level126_5_3,urban.level127_5_3,urban.level128_5_3
||||||,urban.level130_5_3
|||||,urban.level133_5_3,urban.level134_5_3
|||||,urban.level137_5_3,urban.level138_5_3
||||,urban.level142_5_3,urban.level143_5_3,urban.level144_5_3
|||||,urban.level147_5_3,urban.level148_5_3
||||,urban.level152_5_3,urban.level153_5_3,urban.level154_5_3
||||||,urban.level156_5_3
|||||,urban.level159_5_3,urban.level160_5_3
|||||,urban.level163_5_3,urban.level164_5_3
||||||,urban.level166_5_3
|||,urban.level171_5_3,urban.level172_5_3,urban.level173_5_3,urban.level174_5_3
||||,urban.level178_5_3,urban.level179_5_3,urban.level180_5_3
||||,urban.level184_5_3,urban.level185_5_3,urban.level186_5_3
||||||,urban.level188_5_3
|||||,urban.level191_5_3,urban.level192_5_3
||||||,urban.level194_5_3
||||,urban.level198_5_3,urban.level199_5_3,urban.level200_5_3
|||,urban.level205_5_3,urban.level206_5_3,urban.level207_5_3,urban.level208_5_3
||||,urban.level212_5_3,urban.level213_5_3,urban.level214_5_3
||||||,urban.level216_5_3
||||,urban.level220_5_3,urban.level221_5_3,urban.level222_5_3
||||||,urban.level224_5_3
|||||,urban.level227_5_3,urban.level228_5_3
||||,urban.level232_5_3,urban.level233_5_3,urban.level234_5_3
|||,urban.level239_5_3,urban.level240_5_3,urban.level241_5_3,urban.level242_5_3
||||||,urban.level244_5_3
||,urban.level250_5_3,urban.level251_5_3,urban.level252_5_3,urban.level253_5_3,urban.level254_5_3
||||||,urban.level256_5_3
|||||,urban.level259_5_3,urban.level260_5_3
||||||,urban.level262_5_3
||||,urban.level266_5_3,urban.level267_5_3,urban.level268_5_3
||||||,urban.level270_5_3
|||||,urban.level273_5_3,urban.level274_5_3
||||||,urban.level276_5_3
||||,urban.level280_5_3,urban.level281_5_3,urban.level282_5_3
||||||,urban.level284_5_3
||||,urban.level288_5_3,urban.level289_5_3,urban.level290_5_3
||||||,urban.level292_5_3
|||||,urban.level295_5_3,urban.level296_5_3
|||,urban.level301_5_3,urban.level302_5_3,urban.level303_5_3,urban.level304_5_3
||||,urban.level308_5_3,urban.level309_5_3,urban.level310_5_3
||||||,urban.level312_5_3
|||||,urban.level315_5_3,urban.level316_5_3
|||||,urban.level319_5_3,urban.level320_5_3
||||||,urban.level322_5_3
||||,urban.level326_5_3,urban.level327_5_3,urban.level328_5_3
||||||,urban.level330_5_3
|||||,urban.level333_5_3,urban.level334_5_3
||||||,urban.level336_5_3
|||||,urban.level339_5_3,urban.level340_5_3
||||,urban.level344_5_3,urban.level345_5_3,urban.level346_5_3
||||||,urban.level348_5_3
|||||,urban.level351_5_3,urban.level352_5_3
||||||,urban.level354_5_3
|||,urban.level359_5_3,urban.level360_5_3,urban.level361_5_3,urban.level362_5_3
|||||,urban.level365_5_3,urban.level366_5_3
||||||,urban.level368_5_3
|||||,urban.level371_5_3,urban.level372_5_3
||||,urban.level376_5_3,urban.level377_5_3,urban.level378_5_3
||||||,urban.level380_5_3
|||||,urban.level383_5_3,urban.level384_5_3
||||||,urban.level386_5_3
|||||,urban.level389_5_3,urban.level390_5_3
||||||,urban.level392_5_3
||||,urban.level396_5_3,urban.level397_5_3,urban.level398_5_3
||||||,urban.level400_5_3
|||||,urban.level403_5_3,urban.level404_5_3
||||||,urban.level406_5_3
|||||,urban.level409_5_3,urban.level410_5_3
|||,urban.level415_5_3,urban.level416_5_3,urban.level417_5_3,urban.level418_5_3
||||||,urban.level420_5_3
||||,urban.level424_5_3,urban.level425_5_3,urban.level426_5_3
||||||,urban.level428_5_3
|||||,urban.level431_5_3,urban.level432_5_3
||||||,urban.level434_5_3
|||||,urban.level437_5_3,urban.level438_5_3
||||||,urban.level440_5_3
|||,urban.level445_5_3,urban.level446_5_3,urban.level447_5_3,urban.level448_5_3
||||||,urban.level450_5_3
|||||,urban.level453_5_3,urban.level454_5_3
|||||,urban.level457_5_3,urban.level458_5_3
||||,urban.level462_5_3,urban.level463_5_3,urban.level464_5_3
||||,urban.level468_5_3,urban.level469_5_3,urban.level470_5_3
||||,urban.level474_5_3,urban.level475_5_3,urban.level476_5_3
|||||,urban.level479_5_3,urban.level480_5_3
|||||,urban.level483_5_3,urban.level484_5_3
||||||,urban.level486_5_3
||,urban.level492_5_3,urban.level493_5_3,urban.level494_5_3,urban.level495_5_3,urban.level496_5_3
||||||,urban.level498_5_3
|||||,urban.level501_5_3,urban.level502_5_3
||||||,urban.level504_5_3
|||||,urban.level507_5_3,urban.level508_5_3
||||||,urban.level510_5_3
||||,urban.level514_5_3,urban.level515_5_3,urban.level516_5_3
||||||,urban.level518_5_3
|||||,urban.level521_5_3,urban.level522_5_3
|||||,urban.level525_5_3,urban.level526_5_3
||||||,urban.level528_5_3
||||,urban.level532_5_3,urban.level533_5_3,urban.level534_5_3
|||,urban.level539_5_3,urban.level540_5_3,urban.level541_5_3,urban.level542_5_3
||||||,urban.level544_5_3
|||||,urban.level547_5_3,urban.level548_5_3
|||||,urban.level551_5_3,urban.level552_5_3
||||||,urban.level554_5_3
||,urban.level560_5_3,urban.level561_5_3,urban.level562_5_3,urban.level563_5_3,urban.level564_5_3
||||||,urban.level566_5_3
||||,urban.level570_5_3,urban.level571_5_3,urban.level572_5_3
||||||,urban.level574_5_3
|||||,urban.level577_5_3,urban.level578_5_3
||,urban.level584_5_3,urban.level585_5_3,urban.level586_5_3,urban.level587_5_3,urban.level588_5_3
||||||,urban.level590_5_3
||||,urban.level594_5_3,urban.level595_5_3,urban.level596_5_3
||||||,urban.level598_5_3
|||||,urban.level601_5_3,urban.level602_5_3
|||,urban.level607_5_3,urban.level608_5_3,urban.level609_5_3,urban.level610_5_3
||||||,urban.level612_5_3
||||,urban.level616_5_3,urban.level617_5_3,urban.level618_5_3
|||||,urban.level621_5_3,urban.level622_5_3
|||||,urban.level625_5_3,urban.level626_5_3
|,urban.level633_5_3,urban.level634_5_3,urban.level635_5_3,urban.level636_5_3,urban.level637_5_3,urban.level638_5_3
|||,urban.level643_5_3,urban.level644_5_3,urban.level645_5_3,urban.level646_5_3
||||||,urban.level648_5_3
|||||,urban.level651_5_3,urban.level652_5_3
||||||,urban.level654_5_3
|||,urban.level659_5_3,urban.level660_5_3,urban.level661_5_3,urban.level662_5_3
||||,urban.level666_5_3,urban.level667_5_3,urban.level668_5_3
||||||,urban.level670_5_3
|||||,urban.level673_5_3,urban.level674_5_3
||||,urban.level678_5_3,urban.level679_5_3,urban.level680_5_3
|||||,urban.level683_5_3,urban.level684_5_3
|||||,urban.level687_5_3,urban.level688_5_3
||||||,urban.level690_5_3
||||,urban.level694_5_3,urban.level695_5_3,urban.level696_5_3
||,urban.level702_5_3,urban.level703_5_3,urban.level704_5_3,urban.level705_5_3,urban.level706_5_3
|||||,urban.level709_5_3,urban.level710_5_3
||||||,urban.level712_5_3
|||||,urban.level715_5_3,urban.level716_5_3
||||||,urban.level718_5_3
|||,urban.level723_5_3,urban.level724_5_3,urban.level725_5_3,urban.level726_5_3
|||||,urban.level729_5_3,urban.level730_5_3
||||,urban.level734_5_3,urban.level735_5_3,urban.level736_5_3
|||,urban.level741_5_3,urban.level742_5_3,urban.level743_5_3,urban.level744_5_3
|||||,urban.level747_5_3,urban.level748_5_3
||||||,urban.level750_5_3
||||,urban.level754_5_3,urban.level755_5_3,urban.level756_5_3
|||||,urban.level759_5_3,urban.level760_5_3
||||,urban.level764_5_3,urban.level765_5_3,urban.level766_5_3
|||,urban.level771_5_3,urban.level772_5_3,urban.level773_5_3,urban.level774_5_3
|||,urban.level779_5_3,urban.level780_5_3,urban.level781_5_3,urban.level782_5_3
||||||,urban.level784_5_3
|||||,urban.level787_5_3,urban.level788_5_3
|||||,urban.level791_5_3,urban.level792_5_3
||,urban.level798_5_3,urban.level799_5_3,urban.level800_5_3,urban.level801_5_3,urban.level802_5_3
||||||,urban.level804_5_3
|||||,urban.level807_5_3,urban.level808_5_3
||||||,urban.level810_5_3
|||||,urban.level813_5_3,urban.level814_5_3
||||||,urban.level816_5_3
||,urban.level822_5_3,urban.level823_5_3,urban.level824_5_3,urban.level825_5_3,urban.level826_5_3
||||||,urban.level828_5_3
||,urban.level834_5_3,urban.level835_5_3,urban.level836_5_3,urban.level837_5_3,urban.level838_5_3
||||||,urban.level840_5_3
|||||,urban.level843_5_3,urban.level844_5_3
|||||,urban.level847_5_3,urban.level848_5_3
||||,urban.level852_5_3,urban.level853_5_3,urban.level854_5_3
|||||,urban.level857_5_3,urban.level858_5_3
|||||,urban.level861_5_3,urban.level862_5_3
||||||,urban.level864_5_3
|||,urban.level869_5_3,urban.level870_5_3,urban.level871_5_3,urban.level872_5_3
||||||,urban.level874_5_3
|||||,urban.level877_5_3,urban.level878_5_3
||||||,urban.level880_5_3
||||,urban.level884_5_3,urban.level885_5_3,urban.level886_5_3
|||||,urban.level889_5_3,urban.level890_5_3
||||||,urban.level892_5_3
|||||,urban.level895_5_3,urban.level896_5_3
||||,urban.level900_5_3,urban.level901_5_3,urban.level902_5_3
||||||,urban.level904_5_3
|||||,urban.level907_5_3,urban.level908_5_3
||||||,urban.level910_5_3
|||||,urban.level913_5_3,urban.level914_5_3
|||,urban.level919_5_3,urban.level920_5_3,urban.level921_5_3,urban.level922_5_3
||||||,urban.level924_5_3
|||||,urban.level927_5_3,urban.level928_5_3
|||||,urban.level931_5_3,urban.level932_5_3
||,urban.level938_5_3,urban.level939_5_3,urban.level940_5_3,urban.level941_5_3,urban.level942_5_3
|||||,urban.level945_5_3,urban.level946_5_3
||||||,urban.level948_5_3
|||,urban.level953_5_3,urban.level954_5_3,urban.level955_5_3,urban.level956_5_3
||||||,urban.level958_5_3
||||,urban.level962_5_3,urban.level963_5_3,urban.level964_5_3
|||||,urban.level967_5_3,urban.level968_5_3
|||,urban.level973_5_3,urban.level974_5_3,urban.level975_5_3,urban.level976_5_3
||||||,urban.level978_5_3
|||||,urban.level981_5_3,urban.level982_5_3
||||||,urban.level984_5_3
|||||,urban.level987_5_3,urban.level988_5_3
||||||,urban.level990_5_3
||||,urban.level994_5_3,urban.level995_5_3,urban.level996_5_3
|||||,urban.level999_5_3,urban.level1000_5_3
|||,urban.level1005_5_3,urban.level1006_5_3,urban.level1007_5_3,urban.level1008_5_3
||||||,urban.level1010_5_3
|||||,urban.level1013_5_3,urban.level1014_5_3
||||||,urban.level1016_5_3
|||||,urban.level1019_5_3,urban.level1020_5_3
||||,urban.level1024_5_3,urban.level1025_5_3,urban.level1026_5_3
||||||,urban.level1028_5_3
|||||,urban.level1031_5_3,urban.level1032_5_3
|||||,urban.level1035_5_3,urban.level1036_5_3
||||,urban.level1040_5_3,urban.level1041_5_3,urban.level1042_5_3
|||||,urban.level1045_5_3,urban.level1046_5_3
|||,urban.level1051_5_3,urban.level1052_5_3,urban.level1053_5_3,urban.level1054_5_3
|,urban.level1061_5_3,urban.level1062_5_3,urban.level1063_5_3,urban.level1064_5_3,urban.level1065_5_3,urban.level1066_5_3
|||||,urban.level1069_5_3,urban.level1070_5_3
|||||,urban.level1073_5_3,urban.level1074_5_3
||||||,urban.level1076_5_3
|,urban.level1083_5_3,urban.level1084_5_3,urban.level1085_5_3,urban.level1086_5_3,urban.level1087_5_3,urban.level1088_5_3
|||||,urban.level1091_5_3,urban.level1092_5_3
||||||,urban.level1094_5_3
|||,urban.level1099_5_3,urban.level1100_5_3,urban.level1101_5_3,urban.level1102_5_3
||||||,urban.level1104_5_3
||||,urban.level1108_5_3,urban.level1109_5_3,urban.level1110_5_3
||||||,urban.level1112_5_3
||||,urban.level1116_5_3,urban.level1117_5_3,urban.level1118_5_3
||||,urban.level1122_5_3,urban.level1123_5_3,urban.level1124_5_3
||||||,urban.level1126_5_3
|||||,urban.level1129_5_3,urban.level1130_5_3
|||,urban.level1135_5_3,urban.level1136_5_3,urban.level1137_5_3,urban.level1138_5_3
|||||,urban.level1141_5_3,urban.level1142_5_3
||||||,urban.level1144_5_3
|||||,urban.level1147_5_3,urban.level1148_5_3
||||,urban.level1152_5_3,urban.level1153_5_3,urban.level1154_5_3
|||,urban.level1159_5_3,urban.level1160_5_3,urban.level1161_5_3,urban.level1162_5_3
||||,urban.level1166_5_3,urban.level1167_5_3,urban.level1168_5_3
||||||,urban.level1170_5_3
|||||,urban.level1173_5_3,urban.level1174_5_3
|||,urban.level1179_5_3,urban.level1180_5_3,urban.level1181_5_3,urban.level1182_5_3
||||||,urban.level1184_5_3
||||,urban.level1188_5_3,urban.level1189_5_3,urban.level1190_5_3
||||||,urban.level1192_5_3
||||,urban.level1196_5_3,urban.level1197_5_3,urban.level1198_5_3
||||||,urban.level1200_5_3
||||,urban.level1204_5_3,urban.level1205_5_3,urban.level1206_5_3
||,urban.level1212_5_3,urban.level1213_5_3,urban.level1214_5_3,urban.level1215_5_3,urban.level1216_5_3
|||,urban.level1221_5_3,urban.level1222_5_3,urban.level1223_5_3,urban.level1224_5_3
|||||,urban.level1227_5_3,urban.level1228_5_3
||,urban.level1234_5_3,urban.level1235_5_3,urban.level1236_5_3,urban.level1237_5_3,urban.level1238_5_3
|||||,urban.level1241_5_3,urban.level1242_5_3
||||,urban.level1246_5_3,urban.level1247_5_3,urban.level1248_5_3
|||||,urban.level1251_5_3,urban.level1252_5_3
|||||,urban.level1255_5_3,urban.level1256_5_3
||||||,urban.level1258_5_3
||||,urban.level1262_5_3,urban.level1263_5_3,urban.level1264_5_3
|||||,urban.level1267_5_3,urban.level1268_5_3
||||||,urban.level1270_5_3
|||||,urban.level1273_5_3,urban.level1274_5_3
||||||,urban.level1276_5_3
|||,urban.level1281_5_3,urban.level1282_5_3,urban.level1283_5_3,urban.level1284_5_3
||||,urban.level1288_5_3,urban.level1289_5_3,urban.level1290_5_3
||||||,urban.level1292_5_3
|||||,urban.level1295_5_3,urban.level1296_5_3
||||||,urban.level1298_5_3
|||||,urban.level1301_5_3,urban.level1302_5_3
||||||,urban.level1304_5_3
||||,urban.level1308_5_3,urban.level1309_5_3,urban.level1310_5_3
||||||,urban.level1312_5_3
|||||,urban.level1315_5_3,urban.level1316_5_3
||||||,urban.level1318_5_3
|||||,urban.level1321_5_3,urban.level1322_5_3
||||||,urban.level1324_5_3
|||,urban.level1329_5_3,urban.level1330_5_3,urban.level1331_5_3,urban.level1332_5_3
||||||,urban.level1334_5_3
|||||,urban.level1337_5_3,urban.level1338_5_3
|||||,urban.level1341_5_3,urban.level1342_5_3
||||||,urban.level1344_5_3
||||,urban.level1348_5_3,urban.level1349_5_3,urban.level1350_5_3
||||,urban.level1354_5_3,urban.level1355_5_3,urban.level1356_5_3
|||||,urban.level1359_5_3,urban.level1360_5_3
||||||,urban.level1362_5_3
|||||,urban.level1365_5_3,urban.level1366_5_3
||||||,urban.level1368_5_3
|||,urban.level1373_5_3,urban.level1374_5_3,urban.level1375_5_3,urban.level1376_5_3
|||||,urban.level1379_5_3,urban.level1380_5_3
||||||,urban.level1382_5_3
||||,urban.level1386_5_3,urban.level1387_5_3,urban.level1388_5_3
||||||,urban.level1390_5_3
|||||,urban.level1393_5_3,urban.level1394_5_3
||||||,urban.level1396_5_3
|||||,urban.level1399_5_3,urban.level1400_5_3
|||,urban.level1405_5_3,urban.level1406_5_3,urban.level1407_5_3,urban.level1408_5_3
||||,urban.level1412_5_3,urban.level1413_5_3,urban.level1414_5_3
|||||,urban.level1417_5_3,urban.level1418_5_3
||||||,urban.level1420_5_3
||||,urban.level1424_5_3,urban.level1425_5_3,urban.level1426_5_3
||||||,urban.level1428_5_3
|||||,urban.level1431_5_3,urban.level1432_5_3
||||,urban.level1436_5_3,urban.level1437_5_3,urban.level1438_5_3
|||||,urban.level1441_5_3,urban.level1442_5_3
|||||,urban.level1445_5_3,urban.level1446_5_3
||,urban.level1452_5_3,urban.level1453_5_3,urban.level1454_5_3,urban.level1455_5_3,urban.level1456_5_3
|||||,urban.level1459_5_3,urban.level1460_5_3
||||||,urban.level1462_5_3
||||,urban.level1466_5_3,urban.level1467_5_3,urban.level1468_5_3
|||||,urban.level1471_5_3,urban.level1472_5_3
||||||,urban.level1474_5_3
|||,urban.level1479_5_3,urban.level1480_5_3,urban.level1481_5_3,urban.level1482_5_3
|||||,urban.level1485_5_3,urban.level1486_5_3
||||,urban.level1490_5_3,urban.level1491_5_3,urban.level1492_5_3
|||||,urban.level1495_5_3,urban.level1496_5_3
||||||,urban.level1498_5_3
||||,urban.level1502_5_3,urban.level1503_5_3,urban.level1504_5_3
||||||,urban.level1506_5_3
|||||,urban.level1509_5_3,urban.level1510_5_3
||||,urban.level1514_5_3,urban.level1515_5_3,urban.level1516_5_3
||||||,urban.level1518_5_3
|||||,urban.level1521_5_3,urban.level1522_5_3
||||||,urban.level1524_5_3
|||||,urban.level1527_5_3,urban.level1528_5_3
|||,urban.level1533_5_3,urban.level1534_5_3,urban.level1535_5_3,urban.level1536_5_3
|||||,urban.level1539_5_3,urban.level1540_5_3
||||||,urban.level1542_5_3
||||,urban.level1546_5_3,urban.level1547_5_3,urban.level1548_5_3
|||||,urban.level1551_5_3,urban.level1552_5_3
|||||,urban.level1555_5_3,urban.level1556_5_3
||||||,urban.level1558_5_3
||||,urban.level1562_5_3,urban.level1563_5_3,urban.level1564_5_3
|||||,urban.level1567_5_3,urban.level1568_5_3
||||,urban.level1572_5_3,urban.level1573_5_3,urban.level1574_5_3
|||,urban.level1579_5_3,urban.level1580_5_3,urban.level1581_5_3,urban.level1582_5_3
|||||,urban.level1585_5_3,urban.level1586_5_3
|||,urban.level1591_5_3,urban.level1592_5_3,urban.level1593_5_3,urban.level1594_5_3
||||,urban.level1598_5_3,urban.level1599_5_3,urban.level1600_5_3
||||||,urban.level1602_5_3
|||||,urban.level1605_5_3,urban.level1606_5_3
||||||,urban.level1608_5_3
||||,urban.level1612_5_3,urban.level1613_5_3,urban.level1614_5_3
||||||,urban.level1616_5_3
|||||,urban.level1619_5_3,urban.level1620_5_3
||||,urban.level1624_5_3,urban.level1625_5_3,urban.level1626_5_3
||||||,urban.level1628_5_3
|,urban.level1635_5_3,urban.level1636_5_3,urban.level1637_5_3,urban.level1638_5_3,urban.level1639_5_3,urban.level1640_5_3
||||||,urban.level1642_5_3
|||||,urban.level1645_5_3,urban.level1646_5_3
||||,urban.level1650_5_3,urban.level1651_5_3,urban.level1652_5_3
|||||,urban.level1655_5_3,urban.level1656_5_3
||||||,urban.level1658_5_3
||||,urban.level1662_5_3,urban.level1663_5_3,urban.level1664_5_3
|||||,urban.level1667_5_3,urban.level1668_5_3
||||||,urban.level1670_5_3
|||||,urban.level1673_5_3,urban.level1674_5_3
||||||,urban.level1676_5_3
|||,urban.level1681_5_3,urban.level1682_5_3,urban.level1683_5_3,urban.level1684_5_3
||||||,urban.level1686_5_3
|||||,urban.level1689_5_3,urban.level1690_5_3
||||||,urban.level1692_5_3
||||,urban.level1696_5_3,urban.level1697_5_3,urban.level1698_5_3
|||||,urban.level1701_5_3,urban.level1702_5_3
||||||,urban.level1704_5_3
||||,urban.level1708_5_3,urban.level1709_5_3,urban.level1710_5_3
|||,urban.level1715_5_3,urban.level1716_5_3,urban.level1717_5_3,urban.level1718_5_3
|||||,urban.level1721_5_3,urban.level1722_5_3
||||||,urban.level1724_5_3
||||,urban.level1728_5_3,urban.level1729_5_3,urban.level1730_5_3
|||||,urban.level1733_5_3,urban.level1734_5_3
||||||,urban.level1736_5_3
|||||,urban.level1739_5_3,urban.level1740_5_3
||||||,urban.level1742_5_3
|||,urban.level1747_5_3,urban.level1748_5_3,urban.level1749_5_3,urban.level1750_5_3
||||,urban.level1754_5_3,urban.level1755_5_3,urban.level1756_5_3
||||||,urban.level1758_5_3
|||||,urban.level1761_5_3,urban.level1762_5_3
|||||,urban.level1765_5_3,urban.level1766_5_3
||||||,urban.level1768_5_3
||||,urban.level1772_5_3,urban.level1773_5_3,urban.level1774_5_3
|||||,urban.level1777_5_3,urban.level1778_5_3
||||||,urban.level1780_5_3
|||,urban.level1785_5_3,urban.level1786_5_3,urban.level1787_5_3,urban.level1788_5_3
|||||,urban.level1791_5_3,urban.level1792_5_3
||||||,urban.level1794_5_3
||||,urban.level1798_5_3,urban.level1799_5_3,urban.level1800_5_3
||||||,urban.level1802_5_3
||||,urban.level1806_5_3,urban.level1807_5_3,urban.level1808_5_3
||||,urban.level1812_5_3,urban.level1813_5_3,urban.level1814_5_3
||,urban.level1820_5_3,urban.level1821_5_3,urban.level1822_5_3,urban.level1823_5_3,urban.level1824_5_3
||||||,urban.level1826_5_3
|||||,urban.level1829_5_3,urban.level1830_5_3
|||,urban.level1835_5_3,urban.level1836_5_3,urban.level1837_5_3,urban.level1838_5_3
||||||,urban.level1840_5_3
||||,urban.level1844_5_3,urban.level1845_5_3,urban.level1846_5_3
|||||,urban.level1849_5_3,urban.level1850_5_3
|||,urban.level1855_5_3,urban.level1856_5_3,urban.level1857_5_3,urban.level1858_5_3
||||||,urban.level1860_5_3
|||||,urban.level1863_5_3,urban.level1864_5_3
|||||,urban.level1867_5_3,urban.level1868_5_3
||||,urban.level1872_5_3,urban.level1873_5_3,urban.level1874_5_3
||||||,urban.level1876_5_3
|||||,urban.level1879_5_3,urban.level1880_5_3
||||,urban.level1884_5_3,urban.level1885_5_3,urban.level1886_5_3
||||||,urban.level1888_5_3
|||||,urban.level1891_5_3,urban.level1892_5_3
||||,urban.level1896_5_3,urban.level1897_5_3,urban.level1898_5_3
|||||,urban.level1901_5_3,urban.level1902_5_3
|||||,urban.level1905_5_3,urban.level1906_5_3
||,urban.level1912_5_3,urban.level1913_5_3,urban.level1914_5_3,urban.level1915_5_3,urban.level1916_5_3
||||||,urban.level1918_5_3
|||||,urban.level1921_5_3,urban.level1922_5_3
||||||,urban.level1924_5_3
|||,urban.level1929_5_3,urban.level1930_5_3,urban.level1931_5_3,urban.level1932_5_3
||||||,urban.level1934_5_3
|||||,urban.level1937_5_3,urban.level1938_5_3
||||,urban.level1942_5_3,urban.level1943_5_3,urban.level1944_5_3
|||||,urban.level1947_5_3,urban.level1948_5_3
||||||,urban.level1950_5_3
||||,urban.level1954_5_3,urban.level1955_5_3,urban.level1956_5_3
|||,urban.level1961_5_3,urban.level1962_5_3,urban.level1963_5_3,urban.level1964_5_3
||||||,urban.level1966_5_3
||,urban.level1972_5_3,urban.level1973_5_3,urban.level1974_5_3,urban.level1975_5_3,urban.level1976_5_3
|||||,urban.level1979_5_3,urban.level1980_5_3
||||||,urban.level1982_5_3
|||||,urban.level1985_5_3,urban.level1986_5_3
||||,urban.level1990_5_3,urban.level1991_5_3,urban.level1992_5_3
|||||,urban.level1995_5_3,urban.level1996_5_3
||||||,urban.level1998_5_3
||||,urban.level2002_5_3,urban.level2003_5_3,urban.level2004_5_3
||||||,urban.level2006_5_3
|||||,urban.level2009_5_3,urban.level2010_5_3
|||||,urban.level2013_5_3,urban.level2014_5_3
||||||,urban.level2016_5_3
||||,urban.level2020_5_3,urban.level2021_5_3,urban.level2022_5_3
||||||,urban.level2024_5_3
|||,urban.level2029_5_3,urban.level2030_5_3,urban.level2031_5_3,urban.level2032_5_3
||||||,urban.level2034_5_3
|||||,urban.level2037_5_3,urban.level2038_5_3
||||||,urban.level2040_5_3
||||,urban.level2044_5_3,urban.level2045_5_3,urban.level2046_5_3
||||,urban.level2050_5_3,urban.level2051_5_3,urban.level2052_5_3
||||||,urban.level2054_5_3
|||,urban.level2059_5_3,urban.level2060_5_3,urban.level2061_5_3,urban.level2062_5_3
||||||,urban.level2064_5_3
||||,urban.level2068_5_3,urban.level2069_5_3,urban.level2070_5_3
||||||,urban.level2072_5_3
|||||,urban.level2075_5_3,urban.level2076_5_3
|||||,urban.level2079_5_3,urban.level2080_5_3
||||||,urban.level2082_5_3
||||,urban.level2086_5_3,urban.level2087_5_3,urban.level2088_5_3
||||||,urban.level2090_5_3
|||,urban.level2095_5_3,urban.level2096_5_3,urban.level2097_5_3,urban.level2098_5_3
|||||,urban.level2101_5_3,urban.level2102_5_3
||||,urban.level2106_5_3,urban.level2107_5_3,urban.level2108_5_3
|||||,urban.level2111_5_3,urban.level2112_5_3
||||||,urban.level2114_5_3
|||||,urban.level2117_5_3,urban.level2118_5_3
||||||,urban.level2120_5_3
||||,urban.level2124_5_3,urban.level2125_5_3,urban.level2126_5_3
||||||,urban.level2128_5_3
|||||,urban.level2131_5_3,urban.level2132_5_3
||||||,urban.level2134_5_3
|||||,urban.level2137_5_3,urban.level2138_5_3
||||,urban.level2142_5_3,urban.level2143_5_3,urban.level2144_5_3
|||||,urban.level2147_5_3,urban.level2148_5_3
||||||,urban.level2150_5_3
|||||,urban.level2153_5_3,urban.level2154_5_3
|||,urban.level2159_5_3,urban.level2160_5_3,urban.level2161_5_3,urban.level2162_5_3
|||||,urban.level2165_5_3,urban.level2166_5_3
||||,urban.level2170_5_3,urban.level2171_5_3,urban.level2172_5_3
||||||,urban.level2174_5_3
|||||,urban.level2177_5_3,urban.level2178_5_3
||||,urban.level2182_5_3,urban.level2183_5_3,urban.level2184_5_3
|||||,urban.level2187_5_3,urban.level2188_5_3
|||||,urban.level2191_5_3,urban.level2192_5_3
||||||,urban.level2194_5_3
||,urban.level2200_5_3,urban.level2201_5_3,urban.level2202_5_3,urban.level2203_5_3,urban.level2204_5_3
|||||,urban.level2207_5_3,urban.level2208_5_3
||||||,urban.level2210_5_3
||||,urban.level2214_5_3,urban.level2215_5_3,urban.level2216_5_3
|||||,urban.level2219_5_3,urban.level2220_5_3
|||,urban.level2225_5_3,urban.level2226_5_3,urban.level2227_5_3,urban.level2228_5_3
||||||,urban.level2230_5_3
||||,urban.level2234_5_3,urban.level2235_5_3,urban.level2236_5_3
|||||,urban.level2239_5_3,urban.level2240_5_3
||||,urban.level2244_5_3,urban.level2245_5_3,urban.level2246_5_3
|||||,urban.level2249_5_3,urban.level2250_5_3
|||,urban.level2255_5_3,urban.level2256_5_3,urban.level2257_5_3,urban.level2258_5_3
||||||,urban.level2260_5_3
|||||,urban.level2263_5_3,urban.level2264_5_3
||||||,urban.level2266_5_3
|||||,urban.level2269_5_3,urban.level2270_5_3
||||||,urban.level2272_5_3
||||,urban.level2276_5_3,urban.level2277_5_3,urban.level2278_5_3
|||||,urban.level2281_5_3,urban.level2282_5_3
|||||,urban.level2285_5_3,urban.level2286_5_3
||||,urban.level2290_5_3,urban.level2291_5_3,urban.level2292_5_3
|||||,urban.level2295_5_3,urban.level2296_5_3
||||||,urban.level2298_5_3
||||,urban.level2302_5_3,urban.level2303_5_3,urban.level2304_5_3
||||||,urban.level2306_5_3
|||||,urban.level2309_5_3,urban.level2310_5_3
|||,urban.level2315_5_3,urban.level2316_5_3,urban.level2317_5_3,urban.level2318_5_3
||||||,urban.level2320_5_3
|||||,urban.level2323_5_3,urban.level2324_5_3
||||||,urban.level2326_5_3
|||||,urban.level2329_5_3,urban.level2330_5_3
||||,urban.level2334_5_3,urban.level2335_5_3,urban.level2336_5_3
|||||,urban.level2339_5_3,urban.level2340_5_3
||||||,urban.level2342_5_3
||,urban.level2348_5_3,urban.level2349_5_3,urban.level2350_5_3,urban.level2351_5_3,urban.level2352_5_3
||||,urban.level2356_5_3,urban.level2357_5_3,urban.level2358_5_3
||||||,urban.level2360_5_3
|||||,urban.level2363_5_3,urban.level2364_5_3
|||||,urban.level2367_5_3,urban.level2368_5_3
||||,urban.level2372_5_3,urban.level2373_5_3,urban.level2374_5_3
||||||,urban.level2376_5_3
|||,urban.level2381_5_3,urban.level2382_5_3,urban.level2383_5_3,urban.level2384_5_3
||||||,urban.level2386_5_3
||||,urban.level2390_5_3,urban.level2391_5_3,urban.level2392_5_3
||||||,urban.level2394_5_3
|||,urban.level2399_5_3,urban.level2400_5_3,urban.level2401_5_3,urban.level2402_5_3
||||||,urban.level2404_5_3
|||||,urban.level2407_5_3,urban.level2408_5_3
||||,urban.level2412_5_3,urban.level2413_5_3,urban.level2414_5_3
||||,urban.level2418_5_3,urban.level2419_5_3,urban.level2420_5_3
||||||,urban.level2422_5_3
|||||,urban.level2425_5_3,urban.level2426_5_3
||||||,urban.level2428_5_3
|||||,urban.level2431_5_3,urban.level2432_5_3
||||||,urban.level2434_5_3
||||,urban.level2438_5_3,urban.level2439_5_3,urban.level2440_5_3
|||||,urban.level2443_5_3,urban.level2444_5_3
||||||,urban.level2446_5_3
|||||,urban.level2449_5_3,urban.level2450_5_3
||||||,urban.level2452_5_3
|||,urban.level2457_5_3,urban.level2458_5_3,urban.level2459_5_3,urban.level2460_5_3
||||||,urban.level2462_5_3
|||||,urban.level2465_5_3,urban.level2466_5_3
||||||,urban.level2468_5_3
|||||,urban.level2471_5_3,urban.level2472_5_3
||||,urban.level2476_5_3,urban.level2477_5_3,urban.level2478_5_3
||||,urban.level2482_5_3,urban.level2483_5_3,urban.level2484_5_3
|||||,urban.level2487_5_3,urban.level2488_5_3
||||,urban.level2492_5_3,urban.level2493_5_3,urban.level2494_5_3
|||||,urban.level2497_5_3,urban.level2498_5_3
||||||,urban.level2500_5_3
|,urban.level2507_5_3,urban.level2508_5_3,urban.level2509_5_3,urban.level2510_5_3,urban.level2511_5_3,urban.level2512_5_3
||||||,urban.level2514_5_3
|||||,urban.level2517_5_3,urban.level2518_5_3
||||||,urban.level2520_5_3
|||||,urban.level2523_5_3,urban.level2524_5_3
||||||,urban.level2526_5_3
||||,urban.level2530_5_3,urban.level2531_5_3,urban.level2532_5_3
|||||,urban.level2535_5_3,urban.level2536_5_3
|||||,urban.level2539_5_3,urban.level2540_5_3
||||,urban.level2544_5_3,urban.level2545_5_3,urban.level2546_5_3
|||||,urban.level2549_5_3,urban.level2550_5_3
||||||,urban.level2552_5_3
||,urban.level2558_5_3,urban.level2559_5_3,urban.level2560_5_3,urban.level2561_5_3,urban.level2562_5_3
||||||,urban.level2564_5_3
|||||,urban.level2567_5_3,urban.level2568_5_3
||||||,urban.level2570_5_3
||||,urban.level2574_5_3,urban.level2575_5_3,urban.level2576_5_3
||||,urban.level2580_5_3,urban.level2581_5_3,urban.level2582_5_3
||||||,urban.level2584_5_3
|||||,urban.level2587_5_3,urban.level2588_5_3
||||||,urban.level2590_5_3
|||||,urban.level2593_5_3,urban.level2594_5_3
||||||,urban.level2596_5_3
|||,urban.level2601_5_3,urban.level2602_5_3,urban.level2603_5_3,urban.level2604_5_3
||||||,urban.level2606_5_3
||||,urban.level2610_5_3,urban.level2611_5_3,urban.level2612_5_3
|||||,urban.level2615_5_3,urban.level2616_5_3
|||||,urban.level2619_5_3,urban.level2620_5_3
||||,urban.level2624_5_3,urban.level2625_5_3,urban.level2626_5_3
|||||,urban.level2629_5_3,urban.level2630_5_3
||||,urban.level2634_5_3,urban.level2635_5_3,urban.level2636_5_3
|||||,urban.level2639_5_3,urban.level2640_5_3
||||||,urban.level2642_5_3
|||||,urban.level2645_5_3,urban.level2646_5_3
||||||,urban.level2648_5_3
|||,urban.level2653_5_3,urban.level2654_5_3,urban.level2655_5_3,urban.level2656_5_3
||||,urban.level2660_5_3,urban.level2661_5_3,urban.level2662_5_3
|||||,urban.level2665_5_3,urban.level2666_5_3
||||,urban.level2670_5_3,urban.level2671_5_3,urban.level2672_5_3
|||||,urban.level2675_5_3,urban.level2676_5_3
||||||,urban.level2678_5_3
|||||,urban.level2681_5_3,urban.level2682_5_3
||||||,urban.level2684_5_3
||||,urban.level2688_5_3,urban.level2689_5_3,urban.level2690_5_3
||||||,urban.level2692_5_3
|||,urban.level2697_5_3,urban.level2698_5_3,urban.level2699_5_3,urban.level2700_5_3
|||||,urban.level2703_5_3,urban.level2704_5_3
||||,urban.level2708_5_3,urban.level2709_5_3,urban.level2710_5_3
|||||,urban.level2713_5_3,urban.level2714_5_3
||||,urban.level2718_5_3,urban.level2719_5_3,urban.level2720_5_3
||||,urban.level2724_5_3,urban.level2725_5_3,urban.level2726_5_3
||||||,urban.level2728_5_3
|||,urban.level2733_5_3,urban.level2734_5_3,urban.level2735_5_3,urban.level2736_5_3
|||||,urban.level2739_5_3,urban.level2740_5_3
||||||,urban.level2742_5_3
||||,urban.level2746_5_3,urban.level2747_5_3,urban.level2748_5_3
|||||,urban.level2751_5_3,urban.level2752_5_3
|||||,urban.level2755_5_3,urban.level2756_5_3
||||||,urban.level2758_5_3
